logical_id,resource_path,status,art_method,required_sizes,variants,palette_role,uses,priority,fallback,accessible_label,license_gate
ars_n_spells:spell/projectile,assets/ars_n_spells/textures/gui/icons/v2/spell/projectile.png,PROPOSED; not implemented,original_art,16;32 (32 uses separate /hd32 resource pack),normal;selected;disabled;high_contrast;monochrome,spell,Loom picker; carrier tooltip; Iron's proxy wheel; guide,P2,ars_n_spells:school/unknown,icon.ars_n_spells.spell.projectile,Original or verified ANS-owned artwork; record author/source/license/hash; no upstream texture redistribution
ars_n_spells:spell/beam,assets/ars_n_spells/textures/gui/icons/v2/spell/beam.png,PROPOSED; not implemented,original_art,16;32 (32 uses separate /hd32 resource pack),normal;selected;disabled;high_contrast;monochrome,spell,Loom picker; carrier tooltip; Iron's proxy wheel; guide,P2,ars_n_spells:school/unknown,icon.ars_n_spells.spell.beam,Original or verified ANS-owned artwork; record author/source/license/hash; no upstream texture redistribution
ars_n_spells:spell/ray,assets/ars_n_spells/textures/gui/icons/v2/spell/ray.png,PROPOSED; not implemented,original_art,16;32 (32 uses separate /hd32 resource pack),normal;selected;disabled;high_contrast;monochrome,spell,Loom picker; carrier tooltip; Iron's proxy wheel; guide,P2,ars_n_spells:school/unknown,icon.ars_n_spells.spell.ray,Original or verified ANS-owned artwork; record author/source/license/hash; no upstream texture redistribution
ars_n_spells:spell/burst,assets/ars_n_spells/textures/gui/icons/v2/spell/burst.png,PROPOSED; not implemented,original_art,16;32 (32 uses separate /hd32 resource pack),normal;selected;disabled;high_contrast;monochrome,spell,Loom picker; carrier tooltip; Iron's proxy wheel; guide,P2,ars_n_spells:school/unknown,icon.ars_n_spells.spell.burst,Original or verified ANS-owned artwork; record author/source/license/hash; no upstream texture redistribution
ars_n_spells:spell/cone,assets/ars_n_spells/textures/gui/icons/v2/spell/cone.png,PROPOSED; not implemented,original_art,16;32 (32 uses separate /hd32 resource pack),normal;selected;disabled;high_contrast;monochrome,spell,Loom picker; carrier tooltip; Iron's proxy wheel; guide,P2,ars_n_spells:school/unknown,icon.ars_n_spells.spell.cone,Original or verified ANS-owned artwork; record author/source/license/hash; no upstream texture redistribution
ars_n_spells:spell/nova,assets/ars_n_spells/textures/gui/icons/v2/spell/nova.png,PROPOSED; not implemented,original_art,16;32 (32 uses separate /hd32 resource pack),normal;selected;disabled;high_contrast;monochrome,spell,Loom picker; carrier tooltip; Iron's proxy wheel; guide,P2,ars_n_spells:school/unknown,icon.ars_n_spells.spell.nova,Original or verified ANS-owned artwork; record author/source/license/hash; no upstream texture redistribution
ars_n_spells:spell/wall,assets/ars_n_spells/textures/gui/icons/v2/spell/wall.png,PROPOSED; not implemented,original_art,16;32 (32 uses separate /hd32 resource pack),normal;selected;disabled;high_contrast;monochrome,spell,Loom picker; carrier tooltip; Iron's proxy wheel; guide,P2,ars_n_spells:school/unknown,icon.ars_n_spells.spell.wall,Original or verified ANS-owned artwork; record author/source/license/hash; no upstream texture redistribution
ars_n_spells:spell/ring,assets/ars_n_spells/textures/gui/icons/v2/spell/ring.png,PROPOSED; not implemented,original_art,16;32 (32 uses separate /hd32 resource pack),normal;selected;disabled;high_contrast;monochrome,spell,Loom picker; carrier tooltip; Iron's proxy wheel; guide,P2,ars_n_spells:school/unknown,icon.ars_n_spells.spell.ring,Original or verified ANS-owned artwork; record author/source/license/hash; no upstream texture redistribution
ars_n_spells:spell/orbit,assets/ars_n_spells/textures/gui/icons/v2/spell/orbit.png,PROPOSED; not implemented,original_art,16;32 (32 uses separate /hd32 resource pack),normal;selected;disabled;high_contrast;monochrome,spell,Loom picker; carrier tooltip; Iron's proxy wheel; guide,P2,ars_n_spells:school/unknown,icon.ars_n_spells.spell.orbit,Original or verified ANS-owned artwork; record author/source/license/hash; no upstream texture redistribution
ars_n_spells:spell/chain,assets/ars_n_spells/textures/gui/icons/v2/spell/chain.png,PROPOSED; not implemented,original_art,16;32 (32 uses separate /hd32 resource pack),normal;selected;disabled;high_contrast;monochrome,spell,Loom picker; carrier tooltip; Iron's proxy wheel; guide,P2,ars_n_spells:school/unknown,icon.ars_n_spells.spell.chain,Original or verified ANS-owned artwork; record author/source/license/hash; no upstream texture redistribution
ars_n_spells:spell/trap,assets/ars_n_spells/textures/gui/icons/v2/spell/trap.png,PROPOSED; not implemented,original_art,16;32 (32 uses separate /hd32 resource pack),normal;selected;disabled;high_contrast;monochrome,spell,Loom picker; carrier tooltip; Iron's proxy wheel; guide,P2,ars_n_spells:school/unknown,icon.ars_n_spells.spell.trap,Original or verified ANS-owned artwork; record author/source/license/hash; no upstream texture redistribution
ars_n_spells:spell/rune,assets/ars_n_spells/textures/gui/icons/v2/spell/rune.png,PROPOSED; not implemented,original_art,16;32 (32 uses separate /hd32 resource pack),normal;selected;disabled;high_contrast;monochrome,spell,Loom picker; carrier tooltip; Iron's proxy wheel; guide,P2,ars_n_spells:school/unknown,icon.ars_n_spells.spell.rune,Original or verified ANS-owned artwork; record author/source/license/hash; no upstream texture redistribution
ars_n_spells:spell/missile,assets/ars_n_spells/textures/gui/icons/v2/spell/missile.png,PROPOSED; not implemented,original_art,16;32 (32 uses separate /hd32 resource pack),normal;selected;disabled;high_contrast;monochrome,spell,Loom picker; carrier tooltip; Iron's proxy wheel; guide,P2,ars_n_spells:school/unknown,icon.ars_n_spells.spell.missile,Original or verified ANS-owned artwork; record author/source/license/hash; no upstream texture redistribution
ars_n_spells:spell/volley,assets/ars_n_spells/textures/gui/icons/v2/spell/volley.png,PROPOSED; not implemented,original_art,16;32 (32 uses separate /hd32 resource pack),normal;selected;disabled;high_contrast;monochrome,spell,Loom picker; carrier tooltip; Iron's proxy wheel; guide,P2,ars_n_spells:school/unknown,icon.ars_n_spells.spell.volley,Original or verified ANS-owned artwork; record author/source/license/hash; no upstream texture redistribution
ars_n_spells:spell/rain,assets/ars_n_spells/textures/gui/icons/v2/spell/rain.png,PROPOSED; not implemented,original_art,16;32 (32 uses separate /hd32 resource pack),normal;selected;disabled;high_contrast;monochrome,spell,Loom picker; carrier tooltip; Iron's proxy wheel; guide,P2,ars_n_spells:school/unknown,icon.ars_n_spells.spell.rain,Original or verified ANS-owned artwork; record author/source/license/hash; no upstream texture redistribution
ars_n_spells:spell/meteor,assets/ars_n_spells/textures/gui/icons/v2/spell/meteor.png,PROPOSED; not implemented,original_art,16;32 (32 uses separate /hd32 resource pack),normal;selected;disabled;high_contrast;monochrome,spell,Loom picker; carrier tooltip; Iron's proxy wheel; guide,P2,ars_n_spells:school/unknown,icon.ars_n_spells.spell.meteor,Original or verified ANS-owned artwork; record author/source/license/hash; no upstream texture redistribution
ars_n_spells:spell/shard,assets/ars_n_spells/textures/gui/icons/v2/spell/shard.png,PROPOSED; not implemented,original_art,16;32 (32 uses separate /hd32 resource pack),normal;selected;disabled;high_contrast;monochrome,spell,Loom picker; carrier tooltip; Iron's proxy wheel; guide,P2,ars_n_spells:school/unknown,icon.ars_n_spells.spell.shard,Original or verified ANS-owned artwork; record author/source/license/hash; no upstream texture redistribution
ars_n_spells:spell/lance,assets/ars_n_spells/textures/gui/icons/v2/spell/lance.png,PROPOSED; not implemented,original_art,16;32 (32 uses separate /hd32 resource pack),normal;selected;disabled;high_contrast;monochrome,spell,Loom picker; carrier tooltip; Iron's proxy wheel; guide,P2,ars_n_spells:school/unknown,icon.ars_n_spells.spell.lance,Original or verified ANS-owned artwork; record author/source/license/hash; no upstream texture redistribution
ars_n_spells:spell/wave,assets/ars_n_spells/textures/gui/icons/v2/spell/wave.png,PROPOSED; not implemented,original_art,16;32 (32 uses separate /hd32 resource pack),normal;selected;disabled;high_contrast;monochrome,spell,Loom picker; carrier tooltip; Iron's proxy wheel; guide,P2,ars_n_spells:school/unknown,icon.ars_n_spells.spell.wave,Original or verified ANS-owned artwork; record author/source/license/hash; no upstream texture redistribution
ars_n_spells:spell/pulse,assets/ars_n_spells/textures/gui/icons/v2/spell/pulse.png,PROPOSED; not implemented,original_art,16;32 (32 uses separate /hd32 resource pack),normal;selected;disabled;high_contrast;monochrome,spell,Loom picker; carrier tooltip; Iron's proxy wheel; guide,P2,ars_n_spells:school/unknown,icon.ars_n_spells.spell.pulse,Original or verified ANS-owned artwork; record author/source/license/hash; no upstream texture redistribution
ars_n_spells:spell/fireball,assets/ars_n_spells/textures/gui/icons/v2/spell/fireball.png,PROPOSED; not implemented,original_art,16;32 (32 uses separate /hd32 resource pack),normal;selected;disabled;high_contrast;monochrome,spell,Loom picker; carrier tooltip; Iron's proxy wheel; guide,P2,ars_n_spells:school/unknown,icon.ars_n_spells.spell.fireball,Original or verified ANS-owned artwork; record author/source/license/hash; no upstream texture redistribution
ars_n_spells:spell/flame_jet,assets/ars_n_spells/textures/gui/icons/v2/spell/flame_jet.png,PROPOSED; not implemented,original_art,16;32 (32 uses separate /hd32 resource pack),normal;selected;disabled;high_contrast;monochrome,spell,Loom picker; carrier tooltip; Iron's proxy wheel; guide,P2,ars_n_spells:school/unknown,icon.ars_n_spells.spell.flame_jet,Original or verified ANS-owned artwork; record author/source/license/hash; no upstream texture redistribution
ars_n_spells:spell/ignite,assets/ars_n_spells/textures/gui/icons/v2/spell/ignite.png,PROPOSED; not implemented,original_art,16;32 (32 uses separate /hd32 resource pack),normal;selected;disabled;high_contrast;monochrome,spell,Loom picker; carrier tooltip; Iron's proxy wheel; guide,P2,ars_n_spells:school/unknown,icon.ars_n_spells.spell.ignite,Original or verified ANS-owned artwork; record author/source/license/hash; no upstream texture redistribution
ars_n_spells:spell/combustion,assets/ars_n_spells/textures/gui/icons/v2/spell/combustion.png,PROPOSED; not implemented,original_art,16;32 (32 uses separate /hd32 resource pack),normal;selected;disabled;high_contrast;monochrome,spell,Loom picker; carrier tooltip; Iron's proxy wheel; guide,P2,ars_n_spells:school/unknown,icon.ars_n_spells.spell.combustion,Original or verified ANS-owned artwork; record author/source/license/hash; no upstream texture redistribution
ars_n_spells:spell/frost_bolt,assets/ars_n_spells/textures/gui/icons/v2/spell/frost_bolt.png,PROPOSED; not implemented,original_art,16;32 (32 uses separate /hd32 resource pack),normal;selected;disabled;high_contrast;monochrome,spell,Loom picker; carrier tooltip; Iron's proxy wheel; guide,P2,ars_n_spells:school/unknown,icon.ars_n_spells.spell.frost_bolt,Original or verified ANS-owned artwork; record author/source/license/hash; no upstream texture redistribution
ars_n_spells:spell/freeze,assets/ars_n_spells/textures/gui/icons/v2/spell/freeze.png,PROPOSED; not implemented,original_art,16;32 (32 uses separate /hd32 resource pack),normal;selected;disabled;high_contrast;monochrome,spell,Loom picker; carrier tooltip; Iron's proxy wheel; guide,P2,ars_n_spells:school/unknown,icon.ars_n_spells.spell.freeze,Original or verified ANS-owned artwork; record author/source/license/hash; no upstream texture redistribution
ars_n_spells:spell/blizzard,assets/ars_n_spells/textures/gui/icons/v2/spell/blizzard.png,PROPOSED; not implemented,original_art,16;32 (32 uses separate /hd32 resource pack),normal;selected;disabled;high_contrast;monochrome,spell,Loom picker; carrier tooltip; Iron's proxy wheel; guide,P2,ars_n_spells:school/unknown,icon.ars_n_spells.spell.blizzard,Original or verified ANS-owned artwork; record author/source/license/hash; no upstream texture redistribution
ars_n_spells:spell/hail,assets/ars_n_spells/textures/gui/icons/v2/spell/hail.png,PROPOSED; not implemented,original_art,16;32 (32 uses separate /hd32 resource pack),normal;selected;disabled;high_contrast;monochrome,spell,Loom picker; carrier tooltip; Iron's proxy wheel; guide,P2,ars_n_spells:school/unknown,icon.ars_n_spells.spell.hail,Original or verified ANS-owned artwork; record author/source/license/hash; no upstream texture redistribution
ars_n_spells:spell/lightning_bolt,assets/ars_n_spells/textures/gui/icons/v2/spell/lightning_bolt.png,PROPOSED; not implemented,original_art,16;32 (32 uses separate /hd32 resource pack),normal;selected;disabled;high_contrast;monochrome,spell,Loom picker; carrier tooltip; Iron's proxy wheel; guide,P2,ars_n_spells:school/unknown,icon.ars_n_spells.spell.lightning_bolt,Original or verified ANS-owned artwork; record author/source/license/hash; no upstream texture redistribution
ars_n_spells:spell/thunderstorm,assets/ars_n_spells/textures/gui/icons/v2/spell/thunderstorm.png,PROPOSED; not implemented,original_art,16;32 (32 uses separate /hd32 resource pack),normal;selected;disabled;high_contrast;monochrome,spell,Loom picker; carrier tooltip; Iron's proxy wheel; guide,P2,ars_n_spells:school/unknown,icon.ars_n_spells.spell.thunderstorm,Original or verified ANS-owned artwork; record author/source/license/hash; no upstream texture redistribution
ars_n_spells:spell/shock_chain,assets/ars_n_spells/textures/gui/icons/v2/spell/shock_chain.png,PROPOSED; not implemented,original_art,16;32 (32 uses separate /hd32 resource pack),normal;selected;disabled;high_contrast;monochrome,spell,Loom picker; carrier tooltip; Iron's proxy wheel; guide,P2,ars_n_spells:school/unknown,icon.ars_n_spells.spell.shock_chain,Original or verified ANS-owned artwork; record author/source/license/hash; no upstream texture redistribution
ars_n_spells:spell/static_field,assets/ars_n_spells/textures/gui/icons/v2/spell/static_field.png,PROPOSED; not implemented,original_art,16;32 (32 uses separate /hd32 resource pack),normal;selected;disabled;high_contrast;monochrome,spell,Loom picker; carrier tooltip; Iron's proxy wheel; guide,P2,ars_n_spells:school/unknown,icon.ars_n_spells.spell.static_field,Original or verified ANS-owned artwork; record author/source/license/hash; no upstream texture redistribution
ars_n_spells:spell/poison_cloud,assets/ars_n_spells/textures/gui/icons/v2/spell/poison_cloud.png,PROPOSED; not implemented,original_art,16;32 (32 uses separate /hd32 resource pack),normal;selected;disabled;high_contrast;monochrome,spell,Loom picker; carrier tooltip; Iron's proxy wheel; guide,P2,ars_n_spells:school/unknown,icon.ars_n_spells.spell.poison_cloud,Original or verified ANS-owned artwork; record author/source/license/hash; no upstream texture redistribution
ars_n_spells:spell/toxic_spore,assets/ars_n_spells/textures/gui/icons/v2/spell/toxic_spore.png,PROPOSED; not implemented,original_art,16;32 (32 uses separate /hd32 resource pack),normal;selected;disabled;high_contrast;monochrome,spell,Loom picker; carrier tooltip; Iron's proxy wheel; guide,P2,ars_n_spells:school/unknown,icon.ars_n_spells.spell.toxic_spore,Original or verified ANS-owned artwork; record author/source/license/hash; no upstream texture redistribution
ars_n_spells:spell/vine_grasp,assets/ars_n_spells/textures/gui/icons/v2/spell/vine_grasp.png,PROPOSED; not implemented,original_art,16;32 (32 uses separate /hd32 resource pack),normal;selected;disabled;high_contrast;monochrome,spell,Loom picker; carrier tooltip; Iron's proxy wheel; guide,P2,ars_n_spells:school/unknown,icon.ars_n_spells.spell.vine_grasp,Original or verified ANS-owned artwork; record author/source/license/hash; no upstream texture redistribution
ars_n_spells:spell/thorn_burst,assets/ars_n_spells/textures/gui/icons/v2/spell/thorn_burst.png,PROPOSED; not implemented,original_art,16;32 (32 uses separate /hd32 resource pack),normal;selected;disabled;high_contrast;monochrome,spell,Loom picker; carrier tooltip; Iron's proxy wheel; guide,P2,ars_n_spells:school/unknown,icon.ars_n_spells.spell.thorn_burst,Original or verified ANS-owned artwork; record author/source/license/hash; no upstream texture redistribution
ars_n_spells:spell/root_snare,assets/ars_n_spells/textures/gui/icons/v2/spell/root_snare.png,PROPOSED; not implemented,original_art,16;32 (32 uses separate /hd32 resource pack),normal;selected;disabled;high_contrast;monochrome,spell,Loom picker; carrier tooltip; Iron's proxy wheel; guide,P2,ars_n_spells:school/unknown,icon.ars_n_spells.spell.root_snare,Original or verified ANS-owned artwork; record author/source/license/hash; no upstream texture redistribution
ars_n_spells:spell/earthquake,assets/ars_n_spells/textures/gui/icons/v2/spell/earthquake.png,PROPOSED; not implemented,original_art,16;32 (32 uses separate /hd32 resource pack),normal;selected;disabled;high_contrast;monochrome,spell,Loom picker; carrier tooltip; Iron's proxy wheel; guide,P2,ars_n_spells:school/unknown,icon.ars_n_spells.spell.earthquake,Original or verified ANS-owned artwork; record author/source/license/hash; no upstream texture redistribution
ars_n_spells:spell/stone_spike,assets/ars_n_spells/textures/gui/icons/v2/spell/stone_spike.png,PROPOSED; not implemented,original_art,16;32 (32 uses separate /hd32 resource pack),normal;selected;disabled;high_contrast;monochrome,spell,Loom picker; carrier tooltip; Iron's proxy wheel; guide,P2,ars_n_spells:school/unknown,icon.ars_n_spells.spell.stone_spike,Original or verified ANS-owned artwork; record author/source/license/hash; no upstream texture redistribution
ars_n_spells:spell/sand_blast,assets/ars_n_spells/textures/gui/icons/v2/spell/sand_blast.png,PROPOSED; not implemented,original_art,16;32 (32 uses separate /hd32 resource pack),normal;selected;disabled;high_contrast;monochrome,spell,Loom picker; carrier tooltip; Iron's proxy wheel; guide,P2,ars_n_spells:school/unknown,icon.ars_n_spells.spell.sand_blast,Original or verified ANS-owned artwork; record author/source/license/hash; no upstream texture redistribution
ars_n_spells:spell/heal,assets/ars_n_spells/textures/gui/icons/v2/spell/heal.png,PROPOSED; not implemented,original_art,16;32 (32 uses separate /hd32 resource pack),normal;selected;disabled;high_contrast;monochrome,spell,Loom picker; carrier tooltip; Iron's proxy wheel; guide,P2,ars_n_spells:school/unknown,icon.ars_n_spells.spell.heal,Original or verified ANS-owned artwork; record author/source/license/hash; no upstream texture redistribution
ars_n_spells:spell/cleanse,assets/ars_n_spells/textures/gui/icons/v2/spell/cleanse.png,PROPOSED; not implemented,original_art,16;32 (32 uses separate /hd32 resource pack),normal;selected;disabled;high_contrast;monochrome,spell,Loom picker; carrier tooltip; Iron's proxy wheel; guide,P2,ars_n_spells:school/unknown,icon.ars_n_spells.spell.cleanse,Original or verified ANS-owned artwork; record author/source/license/hash; no upstream texture redistribution
ars_n_spells:spell/regenerate,assets/ars_n_spells/textures/gui/icons/v2/spell/regenerate.png,PROPOSED; not implemented,original_art,16;32 (32 uses separate /hd32 resource pack),normal;selected;disabled;high_contrast;monochrome,spell,Loom picker; carrier tooltip; Iron's proxy wheel; guide,P2,ars_n_spells:school/unknown,icon.ars_n_spells.spell.regenerate,Original or verified ANS-owned artwork; record author/source/license/hash; no upstream texture redistribution
ars_n_spells:spell/sanctuary,assets/ars_n_spells/textures/gui/icons/v2/spell/sanctuary.png,PROPOSED; not implemented,original_art,16;32 (32 uses separate /hd32 resource pack),normal;selected;disabled;high_contrast;monochrome,spell,Loom picker; carrier tooltip; Iron's proxy wheel; guide,P2,ars_n_spells:school/unknown,icon.ars_n_spells.spell.sanctuary,Original or verified ANS-owned artwork; record author/source/license/hash; no upstream texture redistribution
ars_n_spells:spell/ward,assets/ars_n_spells/textures/gui/icons/v2/spell/ward.png,PROPOSED; not implemented,original_art,16;32 (32 uses separate /hd32 resource pack),normal;selected;disabled;high_contrast;monochrome,spell,Loom picker; carrier tooltip; Iron's proxy wheel; guide,P2,ars_n_spells:school/unknown,icon.ars_n_spells.spell.ward,Original or verified ANS-owned artwork; record author/source/license/hash; no upstream texture redistribution
ars_n_spells:spell/barrier,assets/ars_n_spells/textures/gui/icons/v2/spell/barrier.png,PROPOSED; not implemented,original_art,16;32 (32 uses separate /hd32 resource pack),normal;selected;disabled;high_contrast;monochrome,spell,Loom picker; carrier tooltip; Iron's proxy wheel; guide,P2,ars_n_spells:school/unknown,icon.ars_n_spells.spell.barrier,Original or verified ANS-owned artwork; record author/source/license/hash; no upstream texture redistribution
ars_n_spells:spell/reflect,assets/ars_n_spells/textures/gui/icons/v2/spell/reflect.png,PROPOSED; not implemented,original_art,16;32 (32 uses separate /hd32 resource pack),normal;selected;disabled;high_contrast;monochrome,spell,Loom picker; carrier tooltip; Iron's proxy wheel; guide,P2,ars_n_spells:school/unknown,icon.ars_n_spells.spell.reflect,Original or verified ANS-owned artwork; record author/source/license/hash; no upstream texture redistribution
ars_n_spells:spell/absorb,assets/ars_n_spells/textures/gui/icons/v2/spell/absorb.png,PROPOSED; not implemented,original_art,16;32 (32 uses separate /hd32 resource pack),normal;selected;disabled;high_contrast;monochrome,spell,Loom picker; carrier tooltip; Iron's proxy wheel; guide,P2,ars_n_spells:school/unknown,icon.ars_n_spells.spell.absorb,Original or verified ANS-owned artwork; record author/source/license/hash; no upstream texture redistribution
ars_n_spells:spell/blood_lance,assets/ars_n_spells/textures/gui/icons/v2/spell/blood_lance.png,PROPOSED; not implemented,original_art,16;32 (32 uses separate /hd32 resource pack),normal;selected;disabled;high_contrast;monochrome,spell,Loom picker; carrier tooltip; Iron's proxy wheel; guide,P2,ars_n_spells:school/unknown,icon.ars_n_spells.spell.blood_lance,Original or verified ANS-owned artwork; record author/source/license/hash; no upstream texture redistribution
ars_n_spells:spell/drain_life,assets/ars_n_spells/textures/gui/icons/v2/spell/drain_life.png,PROPOSED; not implemented,original_art,16;32 (32 uses separate /hd32 resource pack),normal;selected;disabled;high_contrast;monochrome,spell,Loom picker; carrier tooltip; Iron's proxy wheel; guide,P2,ars_n_spells:school/unknown,icon.ars_n_spells.spell.drain_life,Original or verified ANS-owned artwork; record author/source/license/hash; no upstream texture redistribution
ars_n_spells:spell/sacrifice,assets/ars_n_spells/textures/gui/icons/v2/spell/sacrifice.png,PROPOSED; not implemented,original_art,16;32 (32 uses separate /hd32 resource pack),normal;selected;disabled;high_contrast;monochrome,spell,Loom picker; carrier tooltip; Iron's proxy wheel; guide,P2,ars_n_spells:school/unknown,icon.ars_n_spells.spell.sacrifice,Original or verified ANS-owned artwork; record author/source/license/hash; no upstream texture redistribution
ars_n_spells:spell/blood_pact,assets/ars_n_spells/textures/gui/icons/v2/spell/blood_pact.png,PROPOSED; not implemented,original_art,16;32 (32 uses separate /hd32 resource pack),normal;selected;disabled;high_contrast;monochrome,spell,Loom picker; carrier tooltip; Iron's proxy wheel; guide,P2,ars_n_spells:school/unknown,icon.ars_n_spells.spell.blood_pact,Original or verified ANS-owned artwork; record author/source/license/hash; no upstream texture redistribution
ars_n_spells:spell/wither,assets/ars_n_spells/textures/gui/icons/v2/spell/wither.png,PROPOSED; not implemented,original_art,16;32 (32 uses separate /hd32 resource pack),normal;selected;disabled;high_contrast;monochrome,spell,Loom picker; carrier tooltip; Iron's proxy wheel; guide,P2,ars_n_spells:school/unknown,icon.ars_n_spells.spell.wither,Original or verified ANS-owned artwork; record author/source/license/hash; no upstream texture redistribution
ars_n_spells:spell/curse,assets/ars_n_spells/textures/gui/icons/v2/spell/curse.png,PROPOSED; not implemented,original_art,16;32 (32 uses separate /hd32 resource pack),normal;selected;disabled;high_contrast;monochrome,spell,Loom picker; carrier tooltip; Iron's proxy wheel; guide,P2,ars_n_spells:school/unknown,icon.ars_n_spells.spell.curse,Original or verified ANS-owned artwork; record author/source/license/hash; no upstream texture redistribution
ars_n_spells:spell/hex,assets/ars_n_spells/textures/gui/icons/v2/spell/hex.png,PROPOSED; not implemented,original_art,16;32 (32 uses separate /hd32 resource pack),normal;selected;disabled;high_contrast;monochrome,spell,Loom picker; carrier tooltip; Iron's proxy wheel; guide,P2,ars_n_spells:school/unknown,icon.ars_n_spells.spell.hex,Original or verified ANS-owned artwork; record author/source/license/hash; no upstream texture redistribution
ars_n_spells:spell/terror,assets/ars_n_spells/textures/gui/icons/v2/spell/terror.png,PROPOSED; not implemented,original_art,16;32 (32 uses separate /hd32 resource pack),normal;selected;disabled;high_contrast;monochrome,spell,Loom picker; carrier tooltip; Iron's proxy wheel; guide,P2,ars_n_spells:school/unknown,icon.ars_n_spells.spell.terror,Original or verified ANS-owned artwork; record author/source/license/hash; no upstream texture redistribution
ars_n_spells:spell/blink,assets/ars_n_spells/textures/gui/icons/v2/spell/blink.png,PROPOSED; not implemented,original_art,16;32 (32 uses separate /hd32 resource pack),normal;selected;disabled;high_contrast;monochrome,spell,Loom picker; carrier tooltip; Iron's proxy wheel; guide,P2,ars_n_spells:school/unknown,icon.ars_n_spells.spell.blink,Original or verified ANS-owned artwork; record author/source/license/hash; no upstream texture redistribution
ars_n_spells:spell/teleport,assets/ars_n_spells/textures/gui/icons/v2/spell/teleport.png,PROPOSED; not implemented,original_art,16;32 (32 uses separate /hd32 resource pack),normal;selected;disabled;high_contrast;monochrome,spell,Loom picker; carrier tooltip; Iron's proxy wheel; guide,P2,ars_n_spells:school/unknown,icon.ars_n_spells.spell.teleport,Original or verified ANS-owned artwork; record author/source/license/hash; no upstream texture redistribution
ars_n_spells:spell/portal,assets/ars_n_spells/textures/gui/icons/v2/spell/portal.png,PROPOSED; not implemented,original_art,16;32 (32 uses separate /hd32 resource pack),normal;selected;disabled;high_contrast;monochrome,spell,Loom picker; carrier tooltip; Iron's proxy wheel; guide,P2,ars_n_spells:school/unknown,icon.ars_n_spells.spell.portal,Original or verified ANS-owned artwork; record author/source/license/hash; no upstream texture redistribution
ars_n_spells:spell/recall,assets/ars_n_spells/textures/gui/icons/v2/spell/recall.png,PROPOSED; not implemented,original_art,16;32 (32 uses separate /hd32 resource pack),normal;selected;disabled;high_contrast;monochrome,spell,Loom picker; carrier tooltip; Iron's proxy wheel; guide,P2,ars_n_spells:school/unknown,icon.ars_n_spells.spell.recall,Original or verified ANS-owned artwork; record author/source/license/hash; no upstream texture redistribution
ars_n_spells:spell/phase,assets/ars_n_spells/textures/gui/icons/v2/spell/phase.png,PROPOSED; not implemented,original_art,16;32 (32 uses separate /hd32 resource pack),normal;selected;disabled;high_contrast;monochrome,spell,Loom picker; carrier tooltip; Iron's proxy wheel; guide,P2,ars_n_spells:school/unknown,icon.ars_n_spells.spell.phase,Original or verified ANS-owned artwork; record author/source/license/hash; no upstream texture redistribution
ars_n_spells:spell/gravity_pull,assets/ars_n_spells/textures/gui/icons/v2/spell/gravity_pull.png,PROPOSED; not implemented,original_art,16;32 (32 uses separate /hd32 resource pack),normal;selected;disabled;high_contrast;monochrome,spell,Loom picker; carrier tooltip; Iron's proxy wheel; guide,P2,ars_n_spells:school/unknown,icon.ars_n_spells.spell.gravity_pull,Original or verified ANS-owned artwork; record author/source/license/hash; no upstream texture redistribution
ars_n_spells:spell/gravity_push,assets/ars_n_spells/textures/gui/icons/v2/spell/gravity_push.png,PROPOSED; not implemented,original_art,16;32 (32 uses separate /hd32 resource pack),normal;selected;disabled;high_contrast;monochrome,spell,Loom picker; carrier tooltip; Iron's proxy wheel; guide,P2,ars_n_spells:school/unknown,icon.ars_n_spells.spell.gravity_push,Original or verified ANS-owned artwork; record author/source/license/hash; no upstream texture redistribution
ars_n_spells:spell/levitate,assets/ars_n_spells/textures/gui/icons/v2/spell/levitate.png,PROPOSED; not implemented,original_art,16;32 (32 uses separate /hd32 resource pack),normal;selected;disabled;high_contrast;monochrome,spell,Loom picker; carrier tooltip; Iron's proxy wheel; guide,P2,ars_n_spells:school/unknown,icon.ars_n_spells.spell.levitate,Original or verified ANS-owned artwork; record author/source/license/hash; no upstream texture redistribution
ars_n_spells:spell/flight,assets/ars_n_spells/textures/gui/icons/v2/spell/flight.png,PROPOSED; not implemented,original_art,16;32 (32 uses separate /hd32 resource pack),normal;selected;disabled;high_contrast;monochrome,spell,Loom picker; carrier tooltip; Iron's proxy wheel; guide,P2,ars_n_spells:school/unknown,icon.ars_n_spells.spell.flight,Original or verified ANS-owned artwork; record author/source/license/hash; no upstream texture redistribution
ars_n_spells:spell/dash,assets/ars_n_spells/textures/gui/icons/v2/spell/dash.png,PROPOSED; not implemented,original_art,16;32 (32 uses separate /hd32 resource pack),normal;selected;disabled;high_contrast;monochrome,spell,Loom picker; carrier tooltip; Iron's proxy wheel; guide,P2,ars_n_spells:school/unknown,icon.ars_n_spells.spell.dash,Original or verified ANS-owned artwork; record author/source/license/hash; no upstream texture redistribution
ars_n_spells:spell/leap,assets/ars_n_spells/textures/gui/icons/v2/spell/leap.png,PROPOSED; not implemented,original_art,16;32 (32 uses separate /hd32 resource pack),normal;selected;disabled;high_contrast;monochrome,spell,Loom picker; carrier tooltip; Iron's proxy wheel; guide,P2,ars_n_spells:school/unknown,icon.ars_n_spells.spell.leap,Original or verified ANS-owned artwork; record author/source/license/hash; no upstream texture redistribution
ars_n_spells:spell/slow,assets/ars_n_spells/textures/gui/icons/v2/spell/slow.png,PROPOSED; not implemented,original_art,16;32 (32 uses separate /hd32 resource pack),normal;selected;disabled;high_contrast;monochrome,spell,Loom picker; carrier tooltip; Iron's proxy wheel; guide,P2,ars_n_spells:school/unknown,icon.ars_n_spells.spell.slow,Original or verified ANS-owned artwork; record author/source/license/hash; no upstream texture redistribution
ars_n_spells:spell/haste,assets/ars_n_spells/textures/gui/icons/v2/spell/haste.png,PROPOSED; not implemented,original_art,16;32 (32 uses separate /hd32 resource pack),normal;selected;disabled;high_contrast;monochrome,spell,Loom picker; carrier tooltip; Iron's proxy wheel; guide,P2,ars_n_spells:school/unknown,icon.ars_n_spells.spell.haste,Original or verified ANS-owned artwork; record author/source/license/hash; no upstream texture redistribution
ars_n_spells:spell/summon_familiar,assets/ars_n_spells/textures/gui/icons/v2/spell/summon_familiar.png,PROPOSED; not implemented,original_art,16;32 (32 uses separate /hd32 resource pack),normal;selected;disabled;high_contrast;monochrome,spell,Loom picker; carrier tooltip; Iron's proxy wheel; guide,P2,ars_n_spells:school/unknown,icon.ars_n_spells.spell.summon_familiar,Original or verified ANS-owned artwork; record author/source/license/hash; no upstream texture redistribution
ars_n_spells:spell/summon_guardian,assets/ars_n_spells/textures/gui/icons/v2/spell/summon_guardian.png,PROPOSED; not implemented,original_art,16;32 (32 uses separate /hd32 resource pack),normal;selected;disabled;high_contrast;monochrome,spell,Loom picker; carrier tooltip; Iron's proxy wheel; guide,P2,ars_n_spells:school/unknown,icon.ars_n_spells.spell.summon_guardian,Original or verified ANS-owned artwork; record author/source/license/hash; no upstream texture redistribution
ars_n_spells:spell/summon_undead,assets/ars_n_spells/textures/gui/icons/v2/spell/summon_undead.png,PROPOSED; not implemented,original_art,16;32 (32 uses separate /hd32 resource pack),normal;selected;disabled;high_contrast;monochrome,spell,Loom picker; carrier tooltip; Iron's proxy wheel; guide,P2,ars_n_spells:school/unknown,icon.ars_n_spells.spell.summon_undead,Original or verified ANS-owned artwork; record author/source/license/hash; no upstream texture redistribution
ars_n_spells:spell/summon_weapon,assets/ars_n_spells/textures/gui/icons/v2/spell/summon_weapon.png,PROPOSED; not implemented,original_art,16;32 (32 uses separate /hd32 resource pack),normal;selected;disabled;high_contrast;monochrome,spell,Loom picker; carrier tooltip; Iron's proxy wheel; guide,P2,ars_n_spells:school/unknown,icon.ars_n_spells.spell.summon_weapon,Original or verified ANS-owned artwork; record author/source/license/hash; no upstream texture redistribution
ars_n_spells:spell/command_minion,assets/ars_n_spells/textures/gui/icons/v2/spell/command_minion.png,PROPOSED; not implemented,original_art,16;32 (32 uses separate /hd32 resource pack),normal;selected;disabled;high_contrast;monochrome,spell,Loom picker; carrier tooltip; Iron's proxy wheel; guide,P2,ars_n_spells:school/unknown,icon.ars_n_spells.spell.command_minion,Original or verified ANS-owned artwork; record author/source/license/hash; no upstream texture redistribution
ars_n_spells:spell/banish,assets/ars_n_spells/textures/gui/icons/v2/spell/banish.png,PROPOSED; not implemented,original_art,16;32 (32 uses separate /hd32 resource pack),normal;selected;disabled;high_contrast;monochrome,spell,Loom picker; carrier tooltip; Iron's proxy wheel; guide,P2,ars_n_spells:school/unknown,icon.ars_n_spells.spell.banish,Original or verified ANS-owned artwork; record author/source/license/hash; no upstream texture redistribution
ars_n_spells:spell/light,assets/ars_n_spells/textures/gui/icons/v2/spell/light.png,PROPOSED; not implemented,original_art,16;32 (32 uses separate /hd32 resource pack),normal;selected;disabled;high_contrast;monochrome,spell,Loom picker; carrier tooltip; Iron's proxy wheel; guide,P2,ars_n_spells:school/unknown,icon.ars_n_spells.spell.light,Original or verified ANS-owned artwork; record author/source/license/hash; no upstream texture redistribution
ars_n_spells:spell/reveal,assets/ars_n_spells/textures/gui/icons/v2/spell/reveal.png,PROPOSED; not implemented,original_art,16;32 (32 uses separate /hd32 resource pack),normal;selected;disabled;high_contrast;monochrome,spell,Loom picker; carrier tooltip; Iron's proxy wheel; guide,P2,ars_n_spells:school/unknown,icon.ars_n_spells.spell.reveal,Original or verified ANS-owned artwork; record author/source/license/hash; no upstream texture redistribution
ars_n_spells:spell/detect,assets/ars_n_spells/textures/gui/icons/v2/spell/detect.png,PROPOSED; not implemented,original_art,16;32 (32 uses separate /hd32 resource pack),normal;selected;disabled;high_contrast;monochrome,spell,Loom picker; carrier tooltip; Iron's proxy wheel; guide,P2,ars_n_spells:school/unknown,icon.ars_n_spells.spell.detect,Original or verified ANS-owned artwork; record author/source/license/hash; no upstream texture redistribution
ars_n_spells:spell/invisibility,assets/ars_n_spells/textures/gui/icons/v2/spell/invisibility.png,PROPOSED; not implemented,original_art,16;32 (32 uses separate /hd32 resource pack),normal;selected;disabled;high_contrast;monochrome,spell,Loom picker; carrier tooltip; Iron's proxy wheel; guide,P2,ars_n_spells:school/unknown,icon.ars_n_spells.spell.invisibility,Original or verified ANS-owned artwork; record author/source/license/hash; no upstream texture redistribution
ars_n_spells:spell/silence,assets/ars_n_spells/textures/gui/icons/v2/spell/silence.png,PROPOSED; not implemented,original_art,16;32 (32 uses separate /hd32 resource pack),normal;selected;disabled;high_contrast;monochrome,spell,Loom picker; carrier tooltip; Iron's proxy wheel; guide,P2,ars_n_spells:school/unknown,icon.ars_n_spells.spell.silence,Original or verified ANS-owned artwork; record author/source/license/hash; no upstream texture redistribution
ars_n_spells:spell/dispel,assets/ars_n_spells/textures/gui/icons/v2/spell/dispel.png,PROPOSED; not implemented,original_art,16;32 (32 uses separate /hd32 resource pack),normal;selected;disabled;high_contrast;monochrome,spell,Loom picker; carrier tooltip; Iron's proxy wheel; guide,P2,ars_n_spells:school/unknown,icon.ars_n_spells.spell.dispel,Original or verified ANS-owned artwork; record author/source/license/hash; no upstream texture redistribution
ars_n_spells:spell/counterspell,assets/ars_n_spells/textures/gui/icons/v2/spell/counterspell.png,PROPOSED; not implemented,original_art,16;32 (32 uses separate /hd32 resource pack),normal;selected;disabled;high_contrast;monochrome,spell,Loom picker; carrier tooltip; Iron's proxy wheel; guide,P2,ars_n_spells:school/unknown,icon.ars_n_spells.spell.counterspell,Original or verified ANS-owned artwork; record author/source/license/hash; no upstream texture redistribution
ars_n_spells:spell/break_block,assets/ars_n_spells/textures/gui/icons/v2/spell/break_block.png,PROPOSED; not implemented,original_art,16;32 (32 uses separate /hd32 resource pack),normal;selected;disabled;high_contrast;monochrome,spell,Loom picker; carrier tooltip; Iron's proxy wheel; guide,P2,ars_n_spells:school/unknown,icon.ars_n_spells.spell.break_block,Original or verified ANS-owned artwork; record author/source/license/hash; no upstream texture redistribution
ars_n_spells:spell/place_block,assets/ars_n_spells/textures/gui/icons/v2/spell/place_block.png,PROPOSED; not implemented,original_art,16;32 (32 uses separate /hd32 resource pack),normal;selected;disabled;high_contrast;monochrome,spell,Loom picker; carrier tooltip; Iron's proxy wheel; guide,P2,ars_n_spells:school/unknown,icon.ars_n_spells.spell.place_block,Original or verified ANS-owned artwork; record author/source/license/hash; no upstream texture redistribution
ars_n_spells:spell/harvest,assets/ars_n_spells/textures/gui/icons/v2/spell/harvest.png,PROPOSED; not implemented,original_art,16;32 (32 uses separate /hd32 resource pack),normal;selected;disabled;high_contrast;monochrome,spell,Loom picker; carrier tooltip; Iron's proxy wheel; guide,P2,ars_n_spells:school/unknown,icon.ars_n_spells.spell.harvest,Original or verified ANS-owned artwork; record author/source/license/hash; no upstream texture redistribution
ars_n_spells:spell/grow,assets/ars_n_spells/textures/gui/icons/v2/spell/grow.png,PROPOSED; not implemented,original_art,16;32 (32 uses separate /hd32 resource pack),normal;selected;disabled;high_contrast;monochrome,spell,Loom picker; carrier tooltip; Iron's proxy wheel; guide,P2,ars_n_spells:school/unknown,icon.ars_n_spells.spell.grow,Original or verified ANS-owned artwork; record author/source/license/hash; no upstream texture redistribution
ars_n_spells:spell/smelt,assets/ars_n_spells/textures/gui/icons/v2/spell/smelt.png,PROPOSED; not implemented,original_art,16;32 (32 uses separate /hd32 resource pack),normal;selected;disabled;high_contrast;monochrome,spell,Loom picker; carrier tooltip; Iron's proxy wheel; guide,P2,ars_n_spells:school/unknown,icon.ars_n_spells.spell.smelt,Original or verified ANS-owned artwork; record author/source/license/hash; no upstream texture redistribution
ars_n_spells:spell/cut,assets/ars_n_spells/textures/gui/icons/v2/spell/cut.png,PROPOSED; not implemented,original_art,16;32 (32 uses separate /hd32 resource pack),normal;selected;disabled;high_contrast;monochrome,spell,Loom picker; carrier tooltip; Iron's proxy wheel; guide,P2,ars_n_spells:school/unknown,icon.ars_n_spells.spell.cut,Original or verified ANS-owned artwork; record author/source/license/hash; no upstream texture redistribution
ars_n_spells:spell/extract,assets/ars_n_spells/textures/gui/icons/v2/spell/extract.png,PROPOSED; not implemented,original_art,16;32 (32 uses separate /hd32 resource pack),normal;selected;disabled;high_contrast;monochrome,spell,Loom picker; carrier tooltip; Iron's proxy wheel; guide,P2,ars_n_spells:school/unknown,icon.ars_n_spells.spell.extract,Original or verified ANS-owned artwork; record author/source/license/hash; no upstream texture redistribution
ars_n_spells:spell/exchange,assets/ars_n_spells/textures/gui/icons/v2/spell/exchange.png,PROPOSED; not implemented,original_art,16;32 (32 uses separate /hd32 resource pack),normal;selected;disabled;high_contrast;monochrome,spell,Loom picker; carrier tooltip; Iron's proxy wheel; guide,P2,ars_n_spells:school/unknown,icon.ars_n_spells.spell.exchange,Original or verified ANS-owned artwork; record author/source/license/hash; no upstream texture redistribution
ars_n_spells:spell/transmute,assets/ars_n_spells/textures/gui/icons/v2/spell/transmute.png,PROPOSED; not implemented,original_art,16;32 (32 uses separate /hd32 resource pack),normal;selected;disabled;high_contrast;monochrome,spell,Loom picker; carrier tooltip; Iron's proxy wheel; guide,P2,ars_n_spells:school/unknown,icon.ars_n_spells.spell.transmute,Original or verified ANS-owned artwork; record author/source/license/hash; no upstream texture redistribution
ars_n_spells:spell/collect,assets/ars_n_spells/textures/gui/icons/v2/spell/collect.png,PROPOSED; not implemented,original_art,16;32 (32 uses separate /hd32 resource pack),normal;selected;disabled;high_contrast;monochrome,spell,Loom picker; carrier tooltip; Iron's proxy wheel; guide,P2,ars_n_spells:school/unknown,icon.ars_n_spells.spell.collect,Original or verified ANS-owned artwork; record author/source/license/hash; no upstream texture redistribution
ars_n_spells:spell/interact,assets/ars_n_spells/textures/gui/icons/v2/spell/interact.png,PROPOSED; not implemented,original_art,16;32 (32 uses separate /hd32 resource pack),normal;selected;disabled;high_contrast;monochrome,spell,Loom picker; carrier tooltip; Iron's proxy wheel; guide,P2,ars_n_spells:school/unknown,icon.ars_n_spells.spell.interact,Original or verified ANS-owned artwork; record author/source/license/hash; no upstream texture redistribution
ars_n_spells:spell/carry,assets/ars_n_spells/textures/gui/icons/v2/spell/carry.png,PROPOSED; not implemented,original_art,16;32 (32 uses separate /hd32 resource pack),normal;selected;disabled;high_contrast;monochrome,spell,Loom picker; carrier tooltip; Iron's proxy wheel; guide,P2,ars_n_spells:school/unknown,icon.ars_n_spells.spell.carry,Original or verified ANS-owned artwork; record author/source/license/hash; no upstream texture redistribution
ars_n_spells:spell/craft,assets/ars_n_spells/textures/gui/icons/v2/spell/craft.png,PROPOSED; not implemented,original_art,16;32 (32 uses separate /hd32 resource pack),normal;selected;disabled;high_contrast;monochrome,spell,Loom picker; carrier tooltip; Iron's proxy wheel; guide,P2,ars_n_spells:school/unknown,icon.ars_n_spells.spell.craft,Original or verified ANS-owned artwork; record author/source/license/hash; no upstream texture redistribution
ars_n_spells:spell/mana_transfer,assets/ars_n_spells/textures/gui/icons/v2/spell/mana_transfer.png,PROPOSED; not implemented,original_art,16;32 (32 uses separate /hd32 resource pack),normal;selected;disabled;high_contrast;monochrome,spell,Loom picker; carrier tooltip; Iron's proxy wheel; guide,P2,ars_n_spells:school/unknown,icon.ars_n_spells.spell.mana_transfer,Original or verified ANS-owned artwork; record author/source/license/hash; no upstream texture redistribution
ars_n_spells:spell/mana_drain,assets/ars_n_spells/textures/gui/icons/v2/spell/mana_drain.png,PROPOSED; not implemented,original_art,16;32 (32 uses separate /hd32 resource pack),normal;selected;disabled;high_contrast;monochrome,spell,Loom picker; carrier tooltip; Iron's proxy wheel; guide,P2,ars_n_spells:school/unknown,icon.ars_n_spells.spell.mana_drain,Original or verified ANS-owned artwork; record author/source/license/hash; no upstream texture redistribution
ars_n_spells:spell/mana_restore,assets/ars_n_spells/textures/gui/icons/v2/spell/mana_restore.png,PROPOSED; not implemented,original_art,16;32 (32 uses separate /hd32 resource pack),normal;selected;disabled;high_contrast;monochrome,spell,Loom picker; carrier tooltip; Iron's proxy wheel; guide,P2,ars_n_spells:school/unknown,icon.ars_n_spells.spell.mana_restore,Original or verified ANS-owned artwork; record author/source/license/hash; no upstream texture redistribution
ars_n_spells:spell/source_transfer,assets/ars_n_spells/textures/gui/icons/v2/spell/source_transfer.png,PROPOSED; not implemented,original_art,16;32 (32 uses separate /hd32 resource pack),normal;selected;disabled;high_contrast;monochrome,spell,Loom picker; carrier tooltip; Iron's proxy wheel; guide,P2,ars_n_spells:school/unknown,icon.ars_n_spells.spell.source_transfer,Original or verified ANS-owned artwork; record author/source/license/hash; no upstream texture redistribution
ars_n_spells:spell/lifelink,assets/ars_n_spells/textures/gui/icons/v2/spell/lifelink.png,PROPOSED; not implemented,original_art,16;32 (32 uses separate /hd32 resource pack),normal;selected;disabled;high_contrast;monochrome,spell,Loom picker; carrier tooltip; Iron's proxy wheel; guide,P2,ars_n_spells:school/unknown,icon.ars_n_spells.spell.lifelink,Original or verified ANS-owned artwork; record author/source/license/hash; no upstream texture redistribution
ars_n_spells:spell/phantom_grasp,assets/ars_n_spells/textures/gui/icons/v2/spell/phantom_grasp.png,PROPOSED; not implemented,original_art,16;32 (32 uses separate /hd32 resource pack),normal;selected;disabled;high_contrast;monochrome,spell,Loom picker; carrier tooltip; Iron's proxy wheel; guide,P2,ars_n_spells:school/unknown,icon.ars_n_spells.spell.phantom_grasp,Original or verified ANS-owned artwork; record author/source/license/hash; no upstream texture redistribution
ars_n_spells:spell/charm,assets/ars_n_spells/textures/gui/icons/v2/spell/charm.png,PROPOSED; not implemented,original_art,16;32 (32 uses separate /hd32 resource pack),normal;selected;disabled;high_contrast;monochrome,spell,Loom picker; carrier tooltip; Iron's proxy wheel; guide,P2,ars_n_spells:school/unknown,icon.ars_n_spells.spell.charm,Original or verified ANS-owned artwork; record author/source/license/hash; no upstream texture redistribution
ars_n_spells:spell/time_delay,assets/ars_n_spells/textures/gui/icons/v2/spell/time_delay.png,PROPOSED; not implemented,original_art,16;32 (32 uses separate /hd32 resource pack),normal;selected;disabled;high_contrast;monochrome,spell,Loom picker; carrier tooltip; Iron's proxy wheel; guide,P2,ars_n_spells:school/unknown,icon.ars_n_spells.spell.time_delay,Original or verified ANS-owned artwork; record author/source/license/hash; no upstream texture redistribution
ars_n_spells:spell/contingency,assets/ars_n_spells/textures/gui/icons/v2/spell/contingency.png,PROPOSED; not implemented,original_art,16;32 (32 uses separate /hd32 resource pack),normal;selected;disabled;high_contrast;monochrome,spell,Loom picker; carrier tooltip; Iron's proxy wheel; guide,P2,ars_n_spells:school/unknown,icon.ars_n_spells.spell.contingency,Original or verified ANS-owned artwork; record author/source/license/hash; no upstream texture redistribution
ars_n_spells:spell/split,assets/ars_n_spells/textures/gui/icons/v2/spell/split.png,PROPOSED; not implemented,original_art,16;32 (32 uses separate /hd32 resource pack),normal;selected;disabled;high_contrast;monochrome,spell,Loom picker; carrier tooltip; Iron's proxy wheel; guide,P2,ars_n_spells:school/unknown,icon.ars_n_spells.spell.split,Original or verified ANS-owned artwork; record author/source/license/hash; no upstream texture redistribution
ars_n_spells:spell/amplify,assets/ars_n_spells/textures/gui/icons/v2/spell/amplify.png,PROPOSED; not implemented,original_art,16;32 (32 uses separate /hd32 resource pack),normal;selected;disabled;high_contrast;monochrome,spell,Loom picker; carrier tooltip; Iron's proxy wheel; guide,P2,ars_n_spells:school/unknown,icon.ars_n_spells.spell.amplify,Original or verified ANS-owned artwork; record author/source/license/hash; no upstream texture redistribution
ars_n_spells:spell/dampen,assets/ars_n_spells/textures/gui/icons/v2/spell/dampen.png,PROPOSED; not implemented,original_art,16;32 (32 uses separate /hd32 resource pack),normal;selected;disabled;high_contrast;monochrome,spell,Loom picker; carrier tooltip; Iron's proxy wheel; guide,P2,ars_n_spells:school/unknown,icon.ars_n_spells.spell.dampen,Original or verified ANS-owned artwork; record author/source/license/hash; no upstream texture redistribution
ars_n_spells:spell/extend,assets/ars_n_spells/textures/gui/icons/v2/spell/extend.png,PROPOSED; not implemented,original_art,16;32 (32 uses separate /hd32 resource pack),normal;selected;disabled;high_contrast;monochrome,spell,Loom picker; carrier tooltip; Iron's proxy wheel; guide,P2,ars_n_spells:school/unknown,icon.ars_n_spells.spell.extend,Original or verified ANS-owned artwork; record author/source/license/hash; no upstream texture redistribution
ars_n_spells:spell/area_expand,assets/ars_n_spells/textures/gui/icons/v2/spell/area_expand.png,PROPOSED; not implemented,original_art,16;32 (32 uses separate /hd32 resource pack),normal;selected;disabled;high_contrast;monochrome,spell,Loom picker; carrier tooltip; Iron's proxy wheel; guide,P2,ars_n_spells:school/unknown,icon.ars_n_spells.spell.area_expand,Original or verified ANS-owned artwork; record author/source/license/hash; no upstream texture redistribution
ars_n_spells:school/fire,assets/ars_n_spells/textures/gui/icons/v2/school/fire.png,PROPOSED; not implemented,original_art,16;32 (32 uses separate /hd32 resource pack),normal;selected;disabled;high_contrast;monochrome,school,School badges; damage explanation; affinity and progression panels,P1,ars_n_spells:school/unknown,icon.ars_n_spells.school.fire,Original or verified ANS-owned artwork; record author/source/license/hash; no upstream texture redistribution
ars_n_spells:school/ice,assets/ars_n_spells/textures/gui/icons/v2/school/ice.png,PROPOSED; not implemented,original_art,16;32 (32 uses separate /hd32 resource pack),normal;selected;disabled;high_contrast;monochrome,school,School badges; damage explanation; affinity and progression panels,P1,ars_n_spells:school/unknown,icon.ars_n_spells.school.ice,Original or verified ANS-owned artwork; record author/source/license/hash; no upstream texture redistribution
ars_n_spells:school/lightning,assets/ars_n_spells/textures/gui/icons/v2/school/lightning.png,PROPOSED; not implemented,original_art,16;32 (32 uses separate /hd32 resource pack),normal;selected;disabled;high_contrast;monochrome,school,School badges; damage explanation; affinity and progression panels,P1,ars_n_spells:school/unknown,icon.ars_n_spells.school.lightning,Original or verified ANS-owned artwork; record author/source/license/hash; no upstream texture redistribution
ars_n_spells:school/nature,assets/ars_n_spells/textures/gui/icons/v2/school/nature.png,PROPOSED; not implemented,original_art,16;32 (32 uses separate /hd32 resource pack),normal;selected;disabled;high_contrast;monochrome,school,School badges; damage explanation; affinity and progression panels,P1,ars_n_spells:school/unknown,icon.ars_n_spells.school.nature,Original or verified ANS-owned artwork; record author/source/license/hash; no upstream texture redistribution
ars_n_spells:school/holy,assets/ars_n_spells/textures/gui/icons/v2/school/holy.png,PROPOSED; not implemented,original_art,16;32 (32 uses separate /hd32 resource pack),normal;selected;disabled;high_contrast;monochrome,school,School badges; damage explanation; affinity and progression panels,P1,ars_n_spells:school/unknown,icon.ars_n_spells.school.holy,Original or verified ANS-owned artwork; record author/source/license/hash; no upstream texture redistribution
ars_n_spells:school/blood,assets/ars_n_spells/textures/gui/icons/v2/school/blood.png,PROPOSED; not implemented,original_art,16;32 (32 uses separate /hd32 resource pack),normal;selected;disabled;high_contrast;monochrome,school,School badges; damage explanation; affinity and progression panels,P1,ars_n_spells:school/unknown,icon.ars_n_spells.school.blood,Original or verified ANS-owned artwork; record author/source/license/hash; no upstream texture redistribution
ars_n_spells:school/ender,assets/ars_n_spells/textures/gui/icons/v2/school/ender.png,PROPOSED; not implemented,original_art,16;32 (32 uses separate /hd32 resource pack),normal;selected;disabled;high_contrast;monochrome,school,School badges; damage explanation; affinity and progression panels,P1,ars_n_spells:school/unknown,icon.ars_n_spells.school.ender,Original or verified ANS-owned artwork; record author/source/license/hash; no upstream texture redistribution
ars_n_spells:school/evocation,assets/ars_n_spells/textures/gui/icons/v2/school/evocation.png,PROPOSED; not implemented,original_art,16;32 (32 uses separate /hd32 resource pack),normal;selected;disabled;high_contrast;monochrome,school,School badges; damage explanation; affinity and progression panels,P1,ars_n_spells:school/unknown,icon.ars_n_spells.school.evocation,Original or verified ANS-owned artwork; record author/source/license/hash; no upstream texture redistribution
ars_n_spells:school/eldritch,assets/ars_n_spells/textures/gui/icons/v2/school/eldritch.png,PROPOSED; not implemented,original_art,16;32 (32 uses separate /hd32 resource pack),normal;selected;disabled;high_contrast;monochrome,school,School badges; damage explanation; affinity and progression panels,P1,ars_n_spells:school/unknown,icon.ars_n_spells.school.eldritch,Original or verified ANS-owned artwork; record author/source/license/hash; no upstream texture redistribution
ars_n_spells:school/generic,assets/ars_n_spells/textures/gui/icons/v2/school/generic.png,PROPOSED; not implemented,original_art,16;32 (32 uses separate /hd32 resource pack),normal;selected;disabled;high_contrast;monochrome,school,School badges; damage explanation; affinity and progression panels,P1,ars_n_spells:school/unknown,icon.ars_n_spells.school.generic,Original or verified ANS-owned artwork; record author/source/license/hash; no upstream texture redistribution
ars_n_spells:school/unknown,assets/ars_n_spells/textures/gui/icons/v2/school/unknown.png,PROPOSED; not implemented,original_art,16;32 (32 uses separate /hd32 resource pack),normal;selected;disabled;high_contrast;monochrome,school,School badges; damage explanation; affinity and progression panels,P1,ars_n_spells:ui/help,icon.ars_n_spells.school.unknown,Original or verified ANS-owned artwork; record author/source/license/hash; no upstream texture redistribution
ars_n_spells:element/air,assets/ars_n_spells/textures/gui/icons/v2/element/air.png,PROPOSED; not implemented,original_art,16;32 (32 uses separate /hd32 resource pack),normal;selected;disabled;high_contrast;monochrome,element,Ars analysis; mapping inspector; optional add-on guide,P2,ars_n_spells:school/unknown,icon.ars_n_spells.element.air,Original or verified ANS-owned artwork; record author/source/license/hash; no upstream texture redistribution
ars_n_spells:element/earth,assets/ars_n_spells/textures/gui/icons/v2/element/earth.png,PROPOSED; not implemented,original_art,16;32 (32 uses separate /hd32 resource pack),normal;selected;disabled;high_contrast;monochrome,element,Ars analysis; mapping inspector; optional add-on guide,P2,ars_n_spells:school/unknown,icon.ars_n_spells.element.earth,Original or verified ANS-owned artwork; record author/source/license/hash; no upstream texture redistribution
ars_n_spells:element/water,assets/ars_n_spells/textures/gui/icons/v2/element/water.png,PROPOSED; not implemented,original_art,16;32 (32 uses separate /hd32 resource pack),normal;selected;disabled;high_contrast;monochrome,element,Ars analysis; mapping inspector; optional add-on guide,P2,ars_n_spells:school/unknown,icon.ars_n_spells.element.water,Original or verified ANS-owned artwork; record author/source/license/hash; no upstream texture redistribution
ars_n_spells:element/fire,assets/ars_n_spells/textures/gui/icons/v2/element/fire.png,PROPOSED; not implemented,original_art,16;32 (32 uses separate /hd32 resource pack),normal;selected;disabled;high_contrast;monochrome,element,Ars analysis; mapping inspector; optional add-on guide,P2,ars_n_spells:school/unknown,icon.ars_n_spells.element.fire,Original or verified ANS-owned artwork; record author/source/license/hash; no upstream texture redistribution
ars_n_spells:element/manipulation,assets/ars_n_spells/textures/gui/icons/v2/element/manipulation.png,PROPOSED; not implemented,original_art,16;32 (32 uses separate /hd32 resource pack),normal;selected;disabled;high_contrast;monochrome,element,Ars analysis; mapping inspector; optional add-on guide,P2,ars_n_spells:school/unknown,icon.ars_n_spells.element.manipulation,Original or verified ANS-owned artwork; record author/source/license/hash; no upstream texture redistribution
ars_n_spells:element/conjuration,assets/ars_n_spells/textures/gui/icons/v2/element/conjuration.png,PROPOSED; not implemented,original_art,16;32 (32 uses separate /hd32 resource pack),normal;selected;disabled;high_contrast;monochrome,element,Ars analysis; mapping inspector; optional add-on guide,P2,ars_n_spells:school/unknown,icon.ars_n_spells.element.conjuration,Original or verified ANS-owned artwork; record author/source/license/hash; no upstream texture redistribution
ars_n_spells:element/abjuration,assets/ars_n_spells/textures/gui/icons/v2/element/abjuration.png,PROPOSED; not implemented,original_art,16;32 (32 uses separate /hd32 resource pack),normal;selected;disabled;high_contrast;monochrome,element,Ars analysis; mapping inspector; optional add-on guide,P2,ars_n_spells:school/unknown,icon.ars_n_spells.element.abjuration,Original or verified ANS-owned artwork; record author/source/license/hash; no upstream texture redistribution
ars_n_spells:element/necromancy,assets/ars_n_spells/textures/gui/icons/v2/element/necromancy.png,PROPOSED; not implemented,original_art,16;32 (32 uses separate /hd32 resource pack),normal;selected;disabled;high_contrast;monochrome,element,Ars analysis; mapping inspector; optional add-on guide,P2,ars_n_spells:school/unknown,icon.ars_n_spells.element.necromancy,Original or verified ANS-owned artwork; record author/source/license/hash; no upstream texture redistribution
ars_n_spells:element/arcane,assets/ars_n_spells/textures/gui/icons/v2/element/arcane.png,PROPOSED; not implemented,original_art,16;32 (32 uses separate /hd32 resource pack),normal;selected;disabled;high_contrast;monochrome,element,Ars analysis; mapping inspector; optional add-on guide,P2,ars_n_spells:school/unknown,icon.ars_n_spells.element.arcane,Original or verified ANS-owned artwork; record author/source/license/hash; no upstream texture redistribution
ars_n_spells:element/light,assets/ars_n_spells/textures/gui/icons/v2/element/light.png,PROPOSED; not implemented,original_art,16;32 (32 uses separate /hd32 resource pack),normal;selected;disabled;high_contrast;monochrome,element,Ars analysis; mapping inspector; optional add-on guide,P2,ars_n_spells:school/unknown,icon.ars_n_spells.element.light,Original or verified ANS-owned artwork; record author/source/license/hash; no upstream texture redistribution
ars_n_spells:element/shadow,assets/ars_n_spells/textures/gui/icons/v2/element/shadow.png,PROPOSED; not implemented,original_art,16;32 (32 uses separate /hd32 resource pack),normal;selected;disabled;high_contrast;monochrome,element,Ars analysis; mapping inspector; optional add-on guide,P2,ars_n_spells:school/unknown,icon.ars_n_spells.element.shadow,Original or verified ANS-owned artwork; record author/source/license/hash; no upstream texture redistribution
ars_n_spells:element/void,assets/ars_n_spells/textures/gui/icons/v2/element/void.png,PROPOSED; not implemented,original_art,16;32 (32 uses separate /hd32 resource pack),normal;selected;disabled;high_contrast;monochrome,element,Ars analysis; mapping inspector; optional add-on guide,P2,ars_n_spells:school/unknown,icon.ars_n_spells.element.void,Original or verified ANS-owned artwork; record author/source/license/hash; no upstream texture redistribution
ars_n_spells:element/time,assets/ars_n_spells/textures/gui/icons/v2/element/time.png,PROPOSED; not implemented,original_art,16;32 (32 uses separate /hd32 resource pack),normal;selected;disabled;high_contrast;monochrome,element,Ars analysis; mapping inspector; optional add-on guide,P2,ars_n_spells:school/unknown,icon.ars_n_spells.element.time,Original or verified ANS-owned artwork; record author/source/license/hash; no upstream texture redistribution
ars_n_spells:element/force,assets/ars_n_spells/textures/gui/icons/v2/element/force.png,PROPOSED; not implemented,original_art,16;32 (32 uses separate /hd32 resource pack),normal;selected;disabled;high_contrast;monochrome,element,Ars analysis; mapping inspector; optional add-on guide,P2,ars_n_spells:school/unknown,icon.ars_n_spells.element.force,Original or verified ANS-owned artwork; record author/source/license/hash; no upstream texture redistribution
ars_n_spells:element/poison,assets/ars_n_spells/textures/gui/icons/v2/element/poison.png,PROPOSED; not implemented,original_art,16;32 (32 uses separate /hd32 resource pack),normal;selected;disabled;high_contrast;monochrome,element,Ars analysis; mapping inspector; optional add-on guide,P2,ars_n_spells:school/unknown,icon.ars_n_spells.element.poison,Original or verified ANS-owned artwork; record author/source/license/hash; no upstream texture redistribution
ars_n_spells:element/frost,assets/ars_n_spells/textures/gui/icons/v2/element/frost.png,PROPOSED; not implemented,original_art,16;32 (32 uses separate /hd32 resource pack),normal;selected;disabled;high_contrast;monochrome,element,Ars analysis; mapping inspector; optional add-on guide,P2,ars_n_spells:school/unknown,icon.ars_n_spells.element.frost,Original or verified ANS-owned artwork; record author/source/license/hash; no upstream texture redistribution
ars_n_spells:status/resonance_ready,assets/ars_n_spells/textures/gui/icons/v2/status/resonance_ready.png,PROPOSED; not implemented,original_art,16;32 (32 uses separate /hd32 resource pack),normal;selected;disabled;high_contrast;monochrome,status,ANS HUD and tooltips; status explanation; no implied effect registration,P2,ars_n_spells:ui/help,icon.ars_n_spells.status.resonance_ready,Original or verified ANS-owned artwork; record author/source/license/hash; no upstream texture redistribution
ars_n_spells:status/resonance_lingering,assets/ars_n_spells/textures/gui/icons/v2/status/resonance_lingering.png,PROPOSED; not implemented,original_art,16;32 (32 uses separate /hd32 resource pack),normal;selected;disabled;high_contrast;monochrome,status,ANS HUD and tooltips; status explanation; no implied effect registration,P2,ars_n_spells:ui/help,icon.ars_n_spells.status.resonance_lingering,Original or verified ANS-owned artwork; record author/source/license/hash; no upstream texture redistribution
ars_n_spells:status/resonance_depleted,assets/ars_n_spells/textures/gui/icons/v2/status/resonance_depleted.png,PROPOSED; not implemented,original_art,16;32 (32 uses separate /hd32 resource pack),normal;selected;disabled;high_contrast;monochrome,status,ANS HUD and tooltips; status explanation; no implied effect registration,P2,ars_n_spells:ui/help,icon.ars_n_spells.status.resonance_depleted,Original or verified ANS-owned artwork; record author/source/license/hash; no upstream texture redistribution
ars_n_spells:status/affinity_gain,assets/ars_n_spells/textures/gui/icons/v2/status/affinity_gain.png,PROPOSED; not implemented,original_art,16;32 (32 uses separate /hd32 resource pack),normal;selected;disabled;high_contrast;monochrome,status,ANS HUD and tooltips; status explanation; no implied effect registration,P2,ars_n_spells:ui/help,icon.ars_n_spells.status.affinity_gain,Original or verified ANS-owned artwork; record author/source/license/hash; no upstream texture redistribution
ars_n_spells:status/affinity_decay,assets/ars_n_spells/textures/gui/icons/v2/status/affinity_decay.png,PROPOSED; not implemented,original_art,16;32 (32 uses separate /hd32 resource pack),normal;selected;disabled;high_contrast;monochrome,status,ANS HUD and tooltips; status explanation; no implied effect registration,P2,ars_n_spells:ui/help,icon.ars_n_spells.status.affinity_decay,Original or verified ANS-owned artwork; record author/source/license/hash; no upstream texture redistribution
ars_n_spells:status/progression_gain,assets/ars_n_spells/textures/gui/icons/v2/status/progression_gain.png,PROPOSED; not implemented,original_art,16;32 (32 uses separate /hd32 resource pack),normal;selected;disabled;high_contrast;monochrome,status,ANS HUD and tooltips; status explanation; no implied effect registration,P2,ars_n_spells:ui/help,icon.ars_n_spells.status.progression_gain,Original or verified ANS-owned artwork; record author/source/license/hash; no upstream texture redistribution
ars_n_spells:status/mastery,assets/ars_n_spells/textures/gui/icons/v2/status/mastery.png,PROPOSED; not implemented,original_art,16;32 (32 uses separate /hd32 resource pack),normal;selected;disabled;high_contrast;monochrome,status,ANS HUD and tooltips; status explanation; no implied effect registration,P2,ars_n_spells:ui/help,icon.ars_n_spells.status.mastery,Original or verified ANS-owned artwork; record author/source/license/hash; no upstream texture redistribution
ars_n_spells:status/mana_boost,assets/ars_n_spells/textures/gui/icons/v2/status/mana_boost.png,PROPOSED; not implemented,original_art,16;32 (32 uses separate /hd32 resource pack),normal;selected;disabled;high_contrast;monochrome,status,ANS HUD and tooltips; status explanation; no implied effect registration,P2,ars_n_spells:ui/help,icon.ars_n_spells.status.mana_boost,Original or verified ANS-owned artwork; record author/source/license/hash; no upstream texture redistribution
ars_n_spells:status/mana_regen,assets/ars_n_spells/textures/gui/icons/v2/status/mana_regen.png,PROPOSED; not implemented,original_art,16;32 (32 uses separate /hd32 resource pack),normal;selected;disabled;high_contrast;monochrome,status,ANS HUD and tooltips; status explanation; no implied effect registration,P2,ars_n_spells:ui/help,icon.ars_n_spells.status.mana_regen,Original or verified ANS-owned artwork; record author/source/license/hash; no upstream texture redistribution
ars_n_spells:status/source_proximity,assets/ars_n_spells/textures/gui/icons/v2/status/source_proximity.png,PROPOSED; not implemented,original_art,16;32 (32 uses separate /hd32 resource pack),normal;selected;disabled;high_contrast;monochrome,status,ANS HUD and tooltips; status explanation; no implied effect registration,P2,ars_n_spells:ui/help,icon.ars_n_spells.status.source_proximity,Original or verified ANS-owned artwork; record author/source/license/hash; no upstream texture redistribution
ars_n_spells:status/source_empty,assets/ars_n_spells/textures/gui/icons/v2/status/source_empty.png,PROPOSED; not implemented,original_art,16;32 (32 uses separate /hd32 resource pack),normal;selected;disabled;high_contrast;monochrome,status,ANS HUD and tooltips; status explanation; no implied effect registration,P2,ars_n_spells:ui/help,icon.ars_n_spells.status.source_empty,Original or verified ANS-owned artwork; record author/source/license/hash; no upstream texture redistribution
ars_n_spells:status/cooldown_shared,assets/ars_n_spells/textures/gui/icons/v2/status/cooldown_shared.png,PROPOSED; not implemented,original_art,16;32 (32 uses separate /hd32 resource pack),normal;selected;disabled;high_contrast;monochrome,status,ANS HUD and tooltips; status explanation; no implied effect registration,P2,ars_n_spells:ui/help,icon.ars_n_spells.status.cooldown_shared,Original or verified ANS-owned artwork; record author/source/license/hash; no upstream texture redistribution
ars_n_spells:status/cooldown_personal,assets/ars_n_spells/textures/gui/icons/v2/status/cooldown_personal.png,PROPOSED; not implemented,original_art,16;32 (32 uses separate /hd32 resource pack),normal;selected;disabled;high_contrast;monochrome,status,ANS HUD and tooltips; status explanation; no implied effect registration,P2,ars_n_spells:ui/help,icon.ars_n_spells.status.cooldown_personal,Original or verified ANS-owned artwork; record author/source/license/hash; no upstream texture redistribution
ars_n_spells:status/silenced,assets/ars_n_spells/textures/gui/icons/v2/status/silenced.png,PROPOSED; not implemented,original_art,16;32 (32 uses separate /hd32 resource pack),normal;selected;disabled;high_contrast;monochrome,status,ANS HUD and tooltips; status explanation; no implied effect registration,P2,ars_n_spells:ui/help,icon.ars_n_spells.status.silenced,Original or verified ANS-owned artwork; record author/source/license/hash; no upstream texture redistribution
ars_n_spells:status/interrupted,assets/ars_n_spells/textures/gui/icons/v2/status/interrupted.png,PROPOSED; not implemented,original_art,16;32 (32 uses separate /hd32 resource pack),normal;selected;disabled;high_contrast;monochrome,status,ANS HUD and tooltips; status explanation; no implied effect registration,P2,ars_n_spells:ui/help,icon.ars_n_spells.status.interrupted,Original or verified ANS-owned artwork; record author/source/license/hash; no upstream texture redistribution
ars_n_spells:status/cast_pending,assets/ars_n_spells/textures/gui/icons/v2/status/cast_pending.png,PROPOSED; not implemented,original_art,16;32 (32 uses separate /hd32 resource pack),normal;selected;disabled;high_contrast;monochrome,status,ANS HUD and tooltips; status explanation; no implied effect registration,P2,ars_n_spells:ui/help,icon.ars_n_spells.status.cast_pending,Original or verified ANS-owned artwork; record author/source/license/hash; no upstream texture redistribution
ars_n_spells:status/cast_failed,assets/ars_n_spells/textures/gui/icons/v2/status/cast_failed.png,PROPOSED; not implemented,original_art,16;32 (32 uses separate /hd32 resource pack),normal;selected;disabled;high_contrast;monochrome,status,ANS HUD and tooltips; status explanation; no implied effect registration,P2,ars_n_spells:ui/help,icon.ars_n_spells.status.cast_failed,Original or verified ANS-owned artwork; record author/source/license/hash; no upstream texture redistribution
ars_n_spells:status/spell_bound,assets/ars_n_spells/textures/gui/icons/v2/status/spell_bound.png,PROPOSED; not implemented,original_art,16;32 (32 uses separate /hd32 resource pack),normal;selected;disabled;high_contrast;monochrome,status,ANS HUD and tooltips; status explanation; no implied effect registration,P2,ars_n_spells:ui/help,icon.ars_n_spells.status.spell_bound,Original or verified ANS-owned artwork; record author/source/license/hash; no upstream texture redistribution
ars_n_spells:status/spell_unbound,assets/ars_n_spells/textures/gui/icons/v2/status/spell_unbound.png,PROPOSED; not implemented,original_art,16;32 (32 uses separate /hd32 resource pack),normal;selected;disabled;high_contrast;monochrome,status,ANS HUD and tooltips; status explanation; no implied effect registration,P2,ars_n_spells:ui/help,icon.ars_n_spells.status.spell_unbound,Original or verified ANS-owned artwork; record author/source/license/hash; no upstream texture redistribution
ars_n_spells:status/spell_missing,assets/ars_n_spells/textures/gui/icons/v2/status/spell_missing.png,PROPOSED; not implemented,original_art,16;32 (32 uses separate /hd32 resource pack),normal;selected;disabled;high_contrast;monochrome,status,ANS HUD and tooltips; status explanation; no implied effect registration,P2,ars_n_spells:ui/help,icon.ars_n_spells.status.spell_missing,Original or verified ANS-owned artwork; record author/source/license/hash; no upstream texture redistribution
ars_n_spells:status/spell_blacklisted,assets/ars_n_spells/textures/gui/icons/v2/status/spell_blacklisted.png,PROPOSED; not implemented,original_art,16;32 (32 uses separate /hd32 resource pack),normal;selected;disabled;high_contrast;monochrome,status,ANS HUD and tooltips; status explanation; no implied effect registration,P2,ars_n_spells:ui/help,icon.ars_n_spells.status.spell_blacklisted,Original or verified ANS-owned artwork; record author/source/license/hash; no upstream texture redistribution
ars_n_spells:status/insufficient_mana,assets/ars_n_spells/textures/gui/icons/v2/status/insufficient_mana.png,PROPOSED; not implemented,original_art,16;32 (32 uses separate /hd32 resource pack),normal;selected;disabled;high_contrast;monochrome,status,ANS HUD and tooltips; status explanation; no implied effect registration,P2,ars_n_spells:ui/help,icon.ars_n_spells.status.insufficient_mana,Original or verified ANS-owned artwork; record author/source/license/hash; no upstream texture redistribution
ars_n_spells:status/insufficient_lp,assets/ars_n_spells/textures/gui/icons/v2/status/insufficient_lp.png,PROPOSED; not implemented,original_art,16;32 (32 uses separate /hd32 resource pack),normal;selected;disabled;high_contrast;monochrome,status,ANS HUD and tooltips; status explanation; no implied effect registration,P2,ars_n_spells:ui/help,icon.ars_n_spells.status.insufficient_lp,Original or verified ANS-owned artwork; record author/source/license/hash; no upstream texture redistribution
ars_n_spells:status/insufficient_aura,assets/ars_n_spells/textures/gui/icons/v2/status/insufficient_aura.png,PROPOSED; not implemented,original_art,16;32 (32 uses separate /hd32 resource pack),normal;selected;disabled;high_contrast;monochrome,status,ANS HUD and tooltips; status explanation; no implied effect registration,P2,ars_n_spells:ui/help,icon.ars_n_spells.status.insufficient_aura,Original or verified ANS-owned artwork; record author/source/license/hash; no upstream texture redistribution
ars_n_spells:status/overdrawn,assets/ars_n_spells/textures/gui/icons/v2/status/overdrawn.png,PROPOSED; not implemented,original_art,16;32 (32 uses separate /hd32 resource pack),normal;selected;disabled;high_contrast;monochrome,status,ANS HUD and tooltips; status explanation; no implied effect registration,P2,ars_n_spells:ui/help,icon.ars_n_spells.status.overdrawn,Original or verified ANS-owned artwork; record author/source/license/hash; no upstream texture redistribution
ars_n_spells:compat/available,assets/ars_n_spells/textures/gui/icons/v2/compat/available.png,PROPOSED; not implemented,procedural,16;32 (32 uses separate /hd32 resource pack),normal;selected;disabled;high_contrast;monochrome,compat,Compatibility panel; tooltips; admin diagnostics; guide,P1,ars_n_spells:ui/help,icon.ars_n_spells.compat.available,Original or verified ANS-owned artwork; record author/source/license/hash; no upstream texture redistribution
ars_n_spells:compat/absent,assets/ars_n_spells/textures/gui/icons/v2/compat/absent.png,PROPOSED; not implemented,procedural,16;32 (32 uses separate /hd32 resource pack),normal;selected;disabled;high_contrast;monochrome,compat,Compatibility panel; tooltips; admin diagnostics; guide,P1,ars_n_spells:ui/help,icon.ars_n_spells.compat.absent,Original or verified ANS-owned artwork; record author/source/license/hash; no upstream texture redistribution
ars_n_spells:compat/degraded,assets/ars_n_spells/textures/gui/icons/v2/compat/degraded.png,PROPOSED; not implemented,procedural,16;32 (32 uses separate /hd32 resource pack),normal;selected;disabled;high_contrast;monochrome,compat,Compatibility panel; tooltips; admin diagnostics; guide,P1,ars_n_spells:ui/help,icon.ars_n_spells.compat.degraded,Original or verified ANS-owned artwork; record author/source/license/hash; no upstream texture redistribution
ars_n_spells:compat/disabled,assets/ars_n_spells/textures/gui/icons/v2/compat/disabled.png,PROPOSED; not implemented,procedural,16;32 (32 uses separate /hd32 resource pack),normal;selected;disabled;high_contrast;monochrome,compat,Compatibility panel; tooltips; admin diagnostics; guide,P1,ars_n_spells:ui/help,icon.ars_n_spells.compat.disabled,Original or verified ANS-owned artwork; record author/source/license/hash; no upstream texture redistribution
ars_n_spells:compat/unsupported,assets/ars_n_spells/textures/gui/icons/v2/compat/unsupported.png,PROPOSED; not implemented,procedural,16;32 (32 uses separate /hd32 resource pack),normal;selected;disabled;high_contrast;monochrome,compat,Compatibility panel; tooltips; admin diagnostics; guide,P1,ars_n_spells:ui/help,icon.ars_n_spells.compat.unsupported,Original or verified ANS-owned artwork; record author/source/license/hash; no upstream texture redistribution
ars_n_spells:compat/untested,assets/ars_n_spells/textures/gui/icons/v2/compat/untested.png,PROPOSED; not implemented,procedural,16;32 (32 uses separate /hd32 resource pack),normal;selected;disabled;high_contrast;monochrome,compat,Compatibility panel; tooltips; admin diagnostics; guide,P1,ars_n_spells:ui/help,icon.ars_n_spells.compat.untested,Original or verified ANS-owned artwork; record author/source/license/hash; no upstream texture redistribution
ars_n_spells:compat/mismatch,assets/ars_n_spells/textures/gui/icons/v2/compat/mismatch.png,PROPOSED; not implemented,procedural,16;32 (32 uses separate /hd32 resource pack),normal;selected;disabled;high_contrast;monochrome,compat,Compatibility panel; tooltips; admin diagnostics; guide,P1,ars_n_spells:ui/help,icon.ars_n_spells.compat.mismatch,Original or verified ANS-owned artwork; record author/source/license/hash; no upstream texture redistribution
ars_n_spells:compat/synchronized,assets/ars_n_spells/textures/gui/icons/v2/compat/synchronized.png,PROPOSED; not implemented,procedural,16;32 (32 uses separate /hd32 resource pack),normal;selected;disabled;high_contrast;monochrome,compat,Compatibility panel; tooltips; admin diagnostics; guide,P1,ars_n_spells:ui/help,icon.ars_n_spells.compat.synchronized,Original or verified ANS-owned artwork; record author/source/license/hash; no upstream texture redistribution
ars_n_spells:compat/desynchronized,assets/ars_n_spells/textures/gui/icons/v2/compat/desynchronized.png,PROPOSED; not implemented,procedural,16;32 (32 uses separate /hd32 resource pack),normal;selected;disabled;high_contrast;monochrome,compat,Compatibility panel; tooltips; admin diagnostics; guide,P1,ars_n_spells:ui/help,icon.ars_n_spells.compat.desynchronized,Original or verified ANS-owned artwork; record author/source/license/hash; no upstream texture redistribution
ars_n_spells:compat/optional,assets/ars_n_spells/textures/gui/icons/v2/compat/optional.png,PROPOSED; not implemented,procedural,16;32 (32 uses separate /hd32 resource pack),normal;selected;disabled;high_contrast;monochrome,compat,Compatibility panel; tooltips; admin diagnostics; guide,P1,ars_n_spells:ui/help,icon.ars_n_spells.compat.optional,Original or verified ANS-owned artwork; record author/source/license/hash; no upstream texture redistribution
ars_n_spells:compat/required,assets/ars_n_spells/textures/gui/icons/v2/compat/required.png,PROPOSED; not implemented,procedural,16;32 (32 uses separate /hd32 resource pack),normal;selected;disabled;high_contrast;monochrome,compat,Compatibility panel; tooltips; admin diagnostics; guide,P1,ars_n_spells:ui/help,icon.ars_n_spells.compat.required,Original or verified ANS-owned artwork; record author/source/license/hash; no upstream texture redistribution
ars_n_spells:compat/server_only,assets/ars_n_spells/textures/gui/icons/v2/compat/server_only.png,PROPOSED; not implemented,procedural,16;32 (32 uses separate /hd32 resource pack),normal;selected;disabled;high_contrast;monochrome,compat,Compatibility panel; tooltips; admin diagnostics; guide,P1,ars_n_spells:ui/help,icon.ars_n_spells.compat.server_only,Original or verified ANS-owned artwork; record author/source/license/hash; no upstream texture redistribution
ars_n_spells:compat/client_only,assets/ars_n_spells/textures/gui/icons/v2/compat/client_only.png,PROPOSED; not implemented,procedural,16;32 (32 uses separate /hd32 resource pack),normal;selected;disabled;high_contrast;monochrome,compat,Compatibility panel; tooltips; admin diagnostics; guide,P1,ars_n_spells:ui/help,icon.ars_n_spells.compat.client_only,Original or verified ANS-owned artwork; record author/source/license/hash; no upstream texture redistribution
ars_n_spells:compat/api_verified,assets/ars_n_spells/textures/gui/icons/v2/compat/api_verified.png,PROPOSED; not implemented,procedural,16;32 (32 uses separate /hd32 resource pack),normal;selected;disabled;high_contrast;monochrome,compat,Compatibility panel; tooltips; admin diagnostics; guide,P1,ars_n_spells:ui/help,icon.ars_n_spells.compat.api_verified,Original or verified ANS-owned artwork; record author/source/license/hash; no upstream texture redistribution
ars_n_spells:compat/runtime_verified,assets/ars_n_spells/textures/gui/icons/v2/compat/runtime_verified.png,PROPOSED; not implemented,procedural,16;32 (32 uses separate /hd32 resource pack),normal;selected;disabled;high_contrast;monochrome,compat,Compatibility panel; tooltips; admin diagnostics; guide,P1,ars_n_spells:ui/help,icon.ars_n_spells.compat.runtime_verified,Original or verified ANS-owned artwork; record author/source/license/hash; no upstream texture redistribution
ars_n_spells:compat/resource_missing,assets/ars_n_spells/textures/gui/icons/v2/compat/resource_missing.png,PROPOSED; not implemented,procedural,16;32 (32 uses separate /hd32 resource pack),normal;selected;disabled;high_contrast;monochrome,compat,Compatibility panel; tooltips; admin diagnostics; guide,P1,ars_n_spells:ui/help,icon.ars_n_spells.compat.resource_missing,Original or verified ANS-owned artwork; record author/source/license/hash; no upstream texture redistribution
ars_n_spells:compat/data_migrated,assets/ars_n_spells/textures/gui/icons/v2/compat/data_migrated.png,PROPOSED; not implemented,procedural,16;32 (32 uses separate /hd32 resource pack),normal;selected;disabled;high_contrast;monochrome,compat,Compatibility panel; tooltips; admin diagnostics; guide,P1,ars_n_spells:ui/help,icon.ars_n_spells.compat.data_migrated,Original or verified ANS-owned artwork; record author/source/license/hash; no upstream texture redistribution
ars_n_spells:compat/migration_needed,assets/ars_n_spells/textures/gui/icons/v2/compat/migration_needed.png,PROPOSED; not implemented,procedural,16;32 (32 uses separate /hd32 resource pack),normal;selected;disabled;high_contrast;monochrome,compat,Compatibility panel; tooltips; admin diagnostics; guide,P1,ars_n_spells:ui/help,icon.ars_n_spells.compat.migration_needed,Original or verified ANS-owned artwork; record author/source/license/hash; no upstream texture redistribution
ars_n_spells:compat/conflict,assets/ars_n_spells/textures/gui/icons/v2/compat/conflict.png,PROPOSED; not implemented,procedural,16;32 (32 uses separate /hd32 resource pack),normal;selected;disabled;high_contrast;monochrome,compat,Compatibility panel; tooltips; admin diagnostics; guide,P1,ars_n_spells:ui/help,icon.ars_n_spells.compat.conflict,Original or verified ANS-owned artwork; record author/source/license/hash; no upstream texture redistribution
ars_n_spells:compat/fallback,assets/ars_n_spells/textures/gui/icons/v2/compat/fallback.png,PROPOSED; not implemented,procedural,16;32 (32 uses separate /hd32 resource pack),normal;selected;disabled;high_contrast;monochrome,compat,Compatibility panel; tooltips; admin diagnostics; guide,P1,ars_n_spells:ui/help,icon.ars_n_spells.compat.fallback,Original or verified ANS-owned artwork; record author/source/license/hash; no upstream texture redistribution
ars_n_spells:compat/addon_unknown,assets/ars_n_spells/textures/gui/icons/v2/compat/addon_unknown.png,PROPOSED; not implemented,procedural,16;32 (32 uses separate /hd32 resource pack),normal;selected;disabled;high_contrast;monochrome,compat,Compatibility panel; tooltips; admin diagnostics; guide,P1,ars_n_spells:ui/help,icon.ars_n_spells.compat.addon_unknown,Original or verified ANS-owned artwork; record author/source/license/hash; no upstream texture redistribution
ars_n_spells:ui/inscribe,assets/ars_n_spells/textures/gui/icons/v2/ui/inscribe.png,PROPOSED; not implemented,procedural,16;32 (32 uses separate /hd32 resource pack),normal;selected;disabled;high_contrast;monochrome,ui,Loom; settings; guide; diagnostics; accessible controls,P1,ars_n_spells:ui/help,icon.ars_n_spells.ui.inscribe,Original or verified ANS-owned artwork; record author/source/license/hash; no upstream texture redistribution
ars_n_spells:ui/bind,assets/ars_n_spells/textures/gui/icons/v2/ui/bind.png,PROPOSED; not implemented,procedural,16;32 (32 uses separate /hd32 resource pack),normal;selected;disabled;high_contrast;monochrome,ui,Loom; settings; guide; diagnostics; accessible controls,P1,ars_n_spells:ui/help,icon.ars_n_spells.ui.bind,Original or verified ANS-owned artwork; record author/source/license/hash; no upstream texture redistribution
ars_n_spells:ui/unbind,assets/ars_n_spells/textures/gui/icons/v2/ui/unbind.png,PROPOSED; not implemented,procedural,16;32 (32 uses separate /hd32 resource pack),normal;selected;disabled;high_contrast;monochrome,ui,Loom; settings; guide; diagnostics; accessible controls,P1,ars_n_spells:ui/help,icon.ars_n_spells.ui.unbind,Original or verified ANS-owned artwork; record author/source/license/hash; no upstream texture redistribution
ars_n_spells:ui/transcribe,assets/ars_n_spells/textures/gui/icons/v2/ui/transcribe.png,PROPOSED; not implemented,procedural,16;32 (32 uses separate /hd32 resource pack),normal;selected;disabled;high_contrast;monochrome,ui,Loom; settings; guide; diagnostics; accessible controls,P1,ars_n_spells:ui/help,icon.ars_n_spells.ui.transcribe,Original or verified ANS-owned artwork; record author/source/license/hash; no upstream texture redistribution
ars_n_spells:ui/erase,assets/ars_n_spells/textures/gui/icons/v2/ui/erase.png,PROPOSED; not implemented,procedural,16;32 (32 uses separate /hd32 resource pack),normal;selected;disabled;high_contrast;monochrome,ui,Loom; settings; guide; diagnostics; accessible controls,P1,ars_n_spells:ui/help,icon.ars_n_spells.ui.erase,Original or verified ANS-owned artwork; record author/source/license/hash; no upstream texture redistribution
ars_n_spells:ui/copy,assets/ars_n_spells/textures/gui/icons/v2/ui/copy.png,PROPOSED; not implemented,procedural,16;32 (32 uses separate /hd32 resource pack),normal;selected;disabled;high_contrast;monochrome,ui,Loom; settings; guide; diagnostics; accessible controls,P1,ars_n_spells:ui/help,icon.ars_n_spells.ui.copy,Original or verified ANS-owned artwork; record author/source/license/hash; no upstream texture redistribution
ars_n_spells:ui/paste,assets/ars_n_spells/textures/gui/icons/v2/ui/paste.png,PROPOSED; not implemented,procedural,16;32 (32 uses separate /hd32 resource pack),normal;selected;disabled;high_contrast;monochrome,ui,Loom; settings; guide; diagnostics; accessible controls,P1,ars_n_spells:ui/help,icon.ars_n_spells.ui.paste,Original or verified ANS-owned artwork; record author/source/license/hash; no upstream texture redistribution
ars_n_spells:ui/preview,assets/ars_n_spells/textures/gui/icons/v2/ui/preview.png,PROPOSED; not implemented,procedural,16;32 (32 uses separate /hd32 resource pack),normal;selected;disabled;high_contrast;monochrome,ui,Loom; settings; guide; diagnostics; accessible controls,P1,ars_n_spells:ui/help,icon.ars_n_spells.ui.preview,Original or verified ANS-owned artwork; record author/source/license/hash; no upstream texture redistribution
ars_n_spells:ui/confirm,assets/ars_n_spells/textures/gui/icons/v2/ui/confirm.png,PROPOSED; not implemented,procedural,16;32 (32 uses separate /hd32 resource pack),normal;selected;disabled;high_contrast;monochrome,ui,Loom; settings; guide; diagnostics; accessible controls,P1,ars_n_spells:ui/help,icon.ars_n_spells.ui.confirm,Original or verified ANS-owned artwork; record author/source/license/hash; no upstream texture redistribution
ars_n_spells:ui/cancel,assets/ars_n_spells/textures/gui/icons/v2/ui/cancel.png,PROPOSED; not implemented,procedural,16;32 (32 uses separate /hd32 resource pack),normal;selected;disabled;high_contrast;monochrome,ui,Loom; settings; guide; diagnostics; accessible controls,P1,ars_n_spells:ui/help,icon.ars_n_spells.ui.cancel,Original or verified ANS-owned artwork; record author/source/license/hash; no upstream texture redistribution
ars_n_spells:ui/close,assets/ars_n_spells/textures/gui/icons/v2/ui/close.png,PROPOSED; not implemented,procedural,16;32 (32 uses separate /hd32 resource pack),normal;selected;disabled;high_contrast;monochrome,ui,Loom; settings; guide; diagnostics; accessible controls,P1,ars_n_spells:ui/help,icon.ars_n_spells.ui.close,Original or verified ANS-owned artwork; record author/source/license/hash; no upstream texture redistribution
ars_n_spells:ui/back,assets/ars_n_spells/textures/gui/icons/v2/ui/back.png,PROPOSED; not implemented,procedural,16;32 (32 uses separate /hd32 resource pack),normal;selected;disabled;high_contrast;monochrome,ui,Loom; settings; guide; diagnostics; accessible controls,P1,ars_n_spells:ui/help,icon.ars_n_spells.ui.back,Original or verified ANS-owned artwork; record author/source/license/hash; no upstream texture redistribution
ars_n_spells:ui/forward,assets/ars_n_spells/textures/gui/icons/v2/ui/forward.png,PROPOSED; not implemented,procedural,16;32 (32 uses separate /hd32 resource pack),normal;selected;disabled;high_contrast;monochrome,ui,Loom; settings; guide; diagnostics; accessible controls,P1,ars_n_spells:ui/help,icon.ars_n_spells.ui.forward,Original or verified ANS-owned artwork; record author/source/license/hash; no upstream texture redistribution
ars_n_spells:ui/up,assets/ars_n_spells/textures/gui/icons/v2/ui/up.png,PROPOSED; not implemented,procedural,16;32 (32 uses separate /hd32 resource pack),normal;selected;disabled;high_contrast;monochrome,ui,Loom; settings; guide; diagnostics; accessible controls,P1,ars_n_spells:ui/help,icon.ars_n_spells.ui.up,Original or verified ANS-owned artwork; record author/source/license/hash; no upstream texture redistribution
ars_n_spells:ui/down,assets/ars_n_spells/textures/gui/icons/v2/ui/down.png,PROPOSED; not implemented,procedural,16;32 (32 uses separate /hd32 resource pack),normal;selected;disabled;high_contrast;monochrome,ui,Loom; settings; guide; diagnostics; accessible controls,P1,ars_n_spells:ui/help,icon.ars_n_spells.ui.down,Original or verified ANS-owned artwork; record author/source/license/hash; no upstream texture redistribution
ars_n_spells:ui/expand,assets/ars_n_spells/textures/gui/icons/v2/ui/expand.png,PROPOSED; not implemented,procedural,16;32 (32 uses separate /hd32 resource pack),normal;selected;disabled;high_contrast;monochrome,ui,Loom; settings; guide; diagnostics; accessible controls,P1,ars_n_spells:ui/help,icon.ars_n_spells.ui.expand,Original or verified ANS-owned artwork; record author/source/license/hash; no upstream texture redistribution
ars_n_spells:ui/collapse,assets/ars_n_spells/textures/gui/icons/v2/ui/collapse.png,PROPOSED; not implemented,procedural,16;32 (32 uses separate /hd32 resource pack),normal;selected;disabled;high_contrast;monochrome,ui,Loom; settings; guide; diagnostics; accessible controls,P1,ars_n_spells:ui/help,icon.ars_n_spells.ui.collapse,Original or verified ANS-owned artwork; record author/source/license/hash; no upstream texture redistribution
ars_n_spells:ui/search,assets/ars_n_spells/textures/gui/icons/v2/ui/search.png,PROPOSED; not implemented,procedural,16;32 (32 uses separate /hd32 resource pack),normal;selected;disabled;high_contrast;monochrome,ui,Loom; settings; guide; diagnostics; accessible controls,P1,ars_n_spells:ui/help,icon.ars_n_spells.ui.search,Original or verified ANS-owned artwork; record author/source/license/hash; no upstream texture redistribution
ars_n_spells:ui/filter,assets/ars_n_spells/textures/gui/icons/v2/ui/filter.png,PROPOSED; not implemented,procedural,16;32 (32 uses separate /hd32 resource pack),normal;selected;disabled;high_contrast;monochrome,ui,Loom; settings; guide; diagnostics; accessible controls,P1,ars_n_spells:ui/help,icon.ars_n_spells.ui.filter,Original or verified ANS-owned artwork; record author/source/license/hash; no upstream texture redistribution
ars_n_spells:ui/sort,assets/ars_n_spells/textures/gui/icons/v2/ui/sort.png,PROPOSED; not implemented,procedural,16;32 (32 uses separate /hd32 resource pack),normal;selected;disabled;high_contrast;monochrome,ui,Loom; settings; guide; diagnostics; accessible controls,P1,ars_n_spells:ui/help,icon.ars_n_spells.ui.sort,Original or verified ANS-owned artwork; record author/source/license/hash; no upstream texture redistribution
ars_n_spells:ui/grid,assets/ars_n_spells/textures/gui/icons/v2/ui/grid.png,PROPOSED; not implemented,procedural,16;32 (32 uses separate /hd32 resource pack),normal;selected;disabled;high_contrast;monochrome,ui,Loom; settings; guide; diagnostics; accessible controls,P1,ars_n_spells:ui/help,icon.ars_n_spells.ui.grid,Original or verified ANS-owned artwork; record author/source/license/hash; no upstream texture redistribution
ars_n_spells:ui/list,assets/ars_n_spells/textures/gui/icons/v2/ui/list.png,PROPOSED; not implemented,procedural,16;32 (32 uses separate /hd32 resource pack),normal;selected;disabled;high_contrast;monochrome,ui,Loom; settings; guide; diagnostics; accessible controls,P1,ars_n_spells:ui/help,icon.ars_n_spells.ui.list,Original or verified ANS-owned artwork; record author/source/license/hash; no upstream texture redistribution
ars_n_spells:ui/favorite,assets/ars_n_spells/textures/gui/icons/v2/ui/favorite.png,PROPOSED; not implemented,procedural,16;32 (32 uses separate /hd32 resource pack),normal;selected;disabled;high_contrast;monochrome,ui,Loom; settings; guide; diagnostics; accessible controls,P1,ars_n_spells:ui/help,icon.ars_n_spells.ui.favorite,Original or verified ANS-owned artwork; record author/source/license/hash; no upstream texture redistribution
ars_n_spells:ui/unfavorite,assets/ars_n_spells/textures/gui/icons/v2/ui/unfavorite.png,PROPOSED; not implemented,procedural,16;32 (32 uses separate /hd32 resource pack),normal;selected;disabled;high_contrast;monochrome,ui,Loom; settings; guide; diagnostics; accessible controls,P1,ars_n_spells:ui/help,icon.ars_n_spells.ui.unfavorite,Original or verified ANS-owned artwork; record author/source/license/hash; no upstream texture redistribution
ars_n_spells:ui/lock,assets/ars_n_spells/textures/gui/icons/v2/ui/lock.png,PROPOSED; not implemented,procedural,16;32 (32 uses separate /hd32 resource pack),normal;selected;disabled;high_contrast;monochrome,ui,Loom; settings; guide; diagnostics; accessible controls,P1,ars_n_spells:ui/help,icon.ars_n_spells.ui.lock,Original or verified ANS-owned artwork; record author/source/license/hash; no upstream texture redistribution
ars_n_spells:ui/unlock,assets/ars_n_spells/textures/gui/icons/v2/ui/unlock.png,PROPOSED; not implemented,procedural,16;32 (32 uses separate /hd32 resource pack),normal;selected;disabled;high_contrast;monochrome,ui,Loom; settings; guide; diagnostics; accessible controls,P1,ars_n_spells:ui/help,icon.ars_n_spells.ui.unlock,Original or verified ANS-owned artwork; record author/source/license/hash; no upstream texture redistribution
ars_n_spells:ui/info,assets/ars_n_spells/textures/gui/icons/v2/ui/info.png,PROPOSED; not implemented,procedural,16;32 (32 uses separate /hd32 resource pack),normal;selected;disabled;high_contrast;monochrome,ui,Loom; settings; guide; diagnostics; accessible controls,P1,ars_n_spells:ui/help,icon.ars_n_spells.ui.info,Original or verified ANS-owned artwork; record author/source/license/hash; no upstream texture redistribution
ars_n_spells:ui/help,assets/ars_n_spells/textures/gui/icons/v2/ui/help.png,PROPOSED; not implemented,procedural,16;32 (32 uses separate /hd32 resource pack),normal;selected;disabled;high_contrast;monochrome,ui,Loom; settings; guide; diagnostics; accessible controls,P1,builtin:missing_icon,icon.ars_n_spells.ui.help,Original or verified ANS-owned artwork; record author/source/license/hash; no upstream texture redistribution
ars_n_spells:ui/warning,assets/ars_n_spells/textures/gui/icons/v2/ui/warning.png,PROPOSED; not implemented,procedural,16;32 (32 uses separate /hd32 resource pack),normal;selected;disabled;high_contrast;monochrome,ui,Loom; settings; guide; diagnostics; accessible controls,P1,ars_n_spells:ui/help,icon.ars_n_spells.ui.warning,Original or verified ANS-owned artwork; record author/source/license/hash; no upstream texture redistribution
ars_n_spells:ui/error,assets/ars_n_spells/textures/gui/icons/v2/ui/error.png,PROPOSED; not implemented,procedural,16;32 (32 uses separate /hd32 resource pack),normal;selected;disabled;high_contrast;monochrome,ui,Loom; settings; guide; diagnostics; accessible controls,P1,ars_n_spells:ui/help,icon.ars_n_spells.ui.error,Original or verified ANS-owned artwork; record author/source/license/hash; no upstream texture redistribution
ars_n_spells:ui/success,assets/ars_n_spells/textures/gui/icons/v2/ui/success.png,PROPOSED; not implemented,procedural,16;32 (32 uses separate /hd32 resource pack),normal;selected;disabled;high_contrast;monochrome,ui,Loom; settings; guide; diagnostics; accessible controls,P1,ars_n_spells:ui/help,icon.ars_n_spells.ui.success,Original or verified ANS-owned artwork; record author/source/license/hash; no upstream texture redistribution
ars_n_spells:ui/settings,assets/ars_n_spells/textures/gui/icons/v2/ui/settings.png,PROPOSED; not implemented,procedural,16;32 (32 uses separate /hd32 resource pack),normal;selected;disabled;high_contrast;monochrome,ui,Loom; settings; guide; diagnostics; accessible controls,P1,ars_n_spells:ui/help,icon.ars_n_spells.ui.settings,Original or verified ANS-owned artwork; record author/source/license/hash; no upstream texture redistribution
ars_n_spells:ui/reset,assets/ars_n_spells/textures/gui/icons/v2/ui/reset.png,PROPOSED; not implemented,procedural,16;32 (32 uses separate /hd32 resource pack),normal;selected;disabled;high_contrast;monochrome,ui,Loom; settings; guide; diagnostics; accessible controls,P1,ars_n_spells:ui/help,icon.ars_n_spells.ui.reset,Original or verified ANS-owned artwork; record author/source/license/hash; no upstream texture redistribution
ars_n_spells:ui/refresh,assets/ars_n_spells/textures/gui/icons/v2/ui/refresh.png,PROPOSED; not implemented,procedural,16;32 (32 uses separate /hd32 resource pack),normal;selected;disabled;high_contrast;monochrome,ui,Loom; settings; guide; diagnostics; accessible controls,P1,ars_n_spells:ui/help,icon.ars_n_spells.ui.refresh,Original or verified ANS-owned artwork; record author/source/license/hash; no upstream texture redistribution
ars_n_spells:ui/reload,assets/ars_n_spells/textures/gui/icons/v2/ui/reload.png,PROPOSED; not implemented,procedural,16;32 (32 uses separate /hd32 resource pack),normal;selected;disabled;high_contrast;monochrome,ui,Loom; settings; guide; diagnostics; accessible controls,P1,ars_n_spells:ui/help,icon.ars_n_spells.ui.reload,Original or verified ANS-owned artwork; record author/source/license/hash; no upstream texture redistribution
ars_n_spells:ui/import,assets/ars_n_spells/textures/gui/icons/v2/ui/import.png,PROPOSED; not implemented,procedural,16;32 (32 uses separate /hd32 resource pack),normal;selected;disabled;high_contrast;monochrome,ui,Loom; settings; guide; diagnostics; accessible controls,P1,ars_n_spells:ui/help,icon.ars_n_spells.ui.import,Original or verified ANS-owned artwork; record author/source/license/hash; no upstream texture redistribution
ars_n_spells:ui/export,assets/ars_n_spells/textures/gui/icons/v2/ui/export.png,PROPOSED; not implemented,procedural,16;32 (32 uses separate /hd32 resource pack),normal;selected;disabled;high_contrast;monochrome,ui,Loom; settings; guide; diagnostics; accessible controls,P1,ars_n_spells:ui/help,icon.ars_n_spells.ui.export,Original or verified ANS-owned artwork; record author/source/license/hash; no upstream texture redistribution
ars_n_spells:ui/inspect,assets/ars_n_spells/textures/gui/icons/v2/ui/inspect.png,PROPOSED; not implemented,procedural,16;32 (32 uses separate /hd32 resource pack),normal;selected;disabled;high_contrast;monochrome,ui,Loom; settings; guide; diagnostics; accessible controls,P1,ars_n_spells:ui/help,icon.ars_n_spells.ui.inspect,Original or verified ANS-owned artwork; record author/source/license/hash; no upstream texture redistribution
ars_n_spells:ui/compare,assets/ars_n_spells/textures/gui/icons/v2/ui/compare.png,PROPOSED; not implemented,procedural,16;32 (32 uses separate /hd32 resource pack),normal;selected;disabled;high_contrast;monochrome,ui,Loom; settings; guide; diagnostics; accessible controls,P1,ars_n_spells:ui/help,icon.ars_n_spells.ui.compare,Original or verified ANS-owned artwork; record author/source/license/hash; no upstream texture redistribution
ars_n_spells:ui/link,assets/ars_n_spells/textures/gui/icons/v2/ui/link.png,PROPOSED; not implemented,procedural,16;32 (32 uses separate /hd32 resource pack),normal;selected;disabled;high_contrast;monochrome,ui,Loom; settings; guide; diagnostics; accessible controls,P1,ars_n_spells:ui/help,icon.ars_n_spells.ui.link,Original or verified ANS-owned artwork; record author/source/license/hash; no upstream texture redistribution
ars_n_spells:ui/unlink,assets/ars_n_spells/textures/gui/icons/v2/ui/unlink.png,PROPOSED; not implemented,procedural,16;32 (32 uses separate /hd32 resource pack),normal;selected;disabled;high_contrast;monochrome,ui,Loom; settings; guide; diagnostics; accessible controls,P1,ars_n_spells:ui/help,icon.ars_n_spells.ui.unlink,Original or verified ANS-owned artwork; record author/source/license/hash; no upstream texture redistribution
ars_n_spells:ui/swap,assets/ars_n_spells/textures/gui/icons/v2/ui/swap.png,PROPOSED; not implemented,procedural,16;32 (32 uses separate /hd32 resource pack),normal;selected;disabled;high_contrast;monochrome,ui,Loom; settings; guide; diagnostics; accessible controls,P1,ars_n_spells:ui/help,icon.ars_n_spells.ui.swap,Original or verified ANS-owned artwork; record author/source/license/hash; no upstream texture redistribution
ars_n_spells:ui/next_spell,assets/ars_n_spells/textures/gui/icons/v2/ui/next_spell.png,PROPOSED; not implemented,procedural,16;32 (32 uses separate /hd32 resource pack),normal;selected;disabled;high_contrast;monochrome,ui,Loom; settings; guide; diagnostics; accessible controls,P1,ars_n_spells:ui/help,icon.ars_n_spells.ui.next_spell,Original or verified ANS-owned artwork; record author/source/license/hash; no upstream texture redistribution
ars_n_spells:ui/previous_spell,assets/ars_n_spells/textures/gui/icons/v2/ui/previous_spell.png,PROPOSED; not implemented,procedural,16;32 (32 uses separate /hd32 resource pack),normal;selected;disabled;high_contrast;monochrome,ui,Loom; settings; guide; diagnostics; accessible controls,P1,ars_n_spells:ui/help,icon.ars_n_spells.ui.previous_spell,Original or verified ANS-owned artwork; record author/source/license/hash; no upstream texture redistribution
ars_n_spells:ui/hand_main,assets/ars_n_spells/textures/gui/icons/v2/ui/hand_main.png,PROPOSED; not implemented,procedural,16;32 (32 uses separate /hd32 resource pack),normal;selected;disabled;high_contrast;monochrome,ui,Loom; settings; guide; diagnostics; accessible controls,P1,ars_n_spells:ui/help,icon.ars_n_spells.ui.hand_main,Original or verified ANS-owned artwork; record author/source/license/hash; no upstream texture redistribution
ars_n_spells:ui/hand_off,assets/ars_n_spells/textures/gui/icons/v2/ui/hand_off.png,PROPOSED; not implemented,procedural,16;32 (32 uses separate /hd32 resource pack),normal;selected;disabled;high_contrast;monochrome,ui,Loom; settings; guide; diagnostics; accessible controls,P1,ars_n_spells:ui/help,icon.ars_n_spells.ui.hand_off,Original or verified ANS-owned artwork; record author/source/license/hash; no upstream texture redistribution
ars_n_spells:ui/mouse_right,assets/ars_n_spells/textures/gui/icons/v2/ui/mouse_right.png,PROPOSED; not implemented,procedural,16;32 (32 uses separate /hd32 resource pack),normal;selected;disabled;high_contrast;monochrome,ui,Loom; settings; guide; diagnostics; accessible controls,P1,ars_n_spells:ui/help,icon.ars_n_spells.ui.mouse_right,Original or verified ANS-owned artwork; record author/source/license/hash; no upstream texture redistribution
ars_n_spells:ui/keyboard,assets/ars_n_spells/textures/gui/icons/v2/ui/keyboard.png,PROPOSED; not implemented,procedural,16;32 (32 uses separate /hd32 resource pack),normal;selected;disabled;high_contrast;monochrome,ui,Loom; settings; guide; diagnostics; accessible controls,P1,ars_n_spells:ui/help,icon.ars_n_spells.ui.keyboard,Original or verified ANS-owned artwork; record author/source/license/hash; no upstream texture redistribution
ars_n_spells:ui/gamepad,assets/ars_n_spells/textures/gui/icons/v2/ui/gamepad.png,PROPOSED; not implemented,procedural,16;32 (32 uses separate /hd32 resource pack),normal;selected;disabled;high_contrast;monochrome,ui,Loom; settings; guide; diagnostics; accessible controls,P1,ars_n_spells:ui/help,icon.ars_n_spells.ui.gamepad,Original or verified ANS-owned artwork; record author/source/license/hash; no upstream texture redistribution
ars_n_spells:ui/inventory,assets/ars_n_spells/textures/gui/icons/v2/ui/inventory.png,PROPOSED; not implemented,procedural,16;32 (32 uses separate /hd32 resource pack),normal;selected;disabled;high_contrast;monochrome,ui,Loom; settings; guide; diagnostics; accessible controls,P1,ars_n_spells:ui/help,icon.ars_n_spells.ui.inventory,Original or verified ANS-owned artwork; record author/source/license/hash; no upstream texture redistribution
ars_n_spells:ui/output,assets/ars_n_spells/textures/gui/icons/v2/ui/output.png,PROPOSED; not implemented,procedural,16;32 (32 uses separate /hd32 resource pack),normal;selected;disabled;high_contrast;monochrome,ui,Loom; settings; guide; diagnostics; accessible controls,P1,ars_n_spells:ui/help,icon.ars_n_spells.ui.output,Original or verified ANS-owned artwork; record author/source/license/hash; no upstream texture redistribution
ars_n_spells:resource/mana_ars,assets/ars_n_spells/textures/gui/icons/v2/resource/mana_ars.png,PROPOSED; not implemented,original_art,16;32 (32 uses separate /hd32 resource pack),normal;selected;disabled;high_contrast;monochrome,resource,Cost quote; HUD; ritual preview; balance inspector,P1,ars_n_spells:ui/help,icon.ars_n_spells.resource.mana_ars,Original or verified ANS-owned artwork; record author/source/license/hash; no upstream texture redistribution
ars_n_spells:resource/mana_irons,assets/ars_n_spells/textures/gui/icons/v2/resource/mana_irons.png,PROPOSED; not implemented,original_art,16;32 (32 uses separate /hd32 resource pack),normal;selected;disabled;high_contrast;monochrome,resource,Cost quote; HUD; ritual preview; balance inspector,P1,ars_n_spells:ui/help,icon.ars_n_spells.resource.mana_irons,Original or verified ANS-owned artwork; record author/source/license/hash; no upstream texture redistribution
ars_n_spells:resource/mana_shared,assets/ars_n_spells/textures/gui/icons/v2/resource/mana_shared.png,PROPOSED; not implemented,original_art,16;32 (32 uses separate /hd32 resource pack),normal;selected;disabled;high_contrast;monochrome,resource,Cost quote; HUD; ritual preview; balance inspector,P1,ars_n_spells:ui/help,icon.ars_n_spells.resource.mana_shared,Original or verified ANS-owned artwork; record author/source/license/hash; no upstream texture redistribution
ars_n_spells:resource/mana_split,assets/ars_n_spells/textures/gui/icons/v2/resource/mana_split.png,PROPOSED; not implemented,original_art,16;32 (32 uses separate /hd32 resource pack),normal;selected;disabled;high_contrast;monochrome,resource,Cost quote; HUD; ritual preview; balance inspector,P1,ars_n_spells:ui/help,icon.ars_n_spells.resource.mana_split,Original or verified ANS-owned artwork; record author/source/license/hash; no upstream texture redistribution
ars_n_spells:resource/lp,assets/ars_n_spells/textures/gui/icons/v2/resource/lp.png,PROPOSED; not implemented,original_art,16;32 (32 uses separate /hd32 resource pack),normal;selected;disabled;high_contrast;monochrome,resource,Cost quote; HUD; ritual preview; balance inspector,P1,ars_n_spells:ui/help,icon.ars_n_spells.resource.lp,Original or verified ANS-owned artwork; record author/source/license/hash; no upstream texture redistribution
ars_n_spells:resource/aura,assets/ars_n_spells/textures/gui/icons/v2/resource/aura.png,PROPOSED; not implemented,original_art,16;32 (32 uses separate /hd32 resource pack),normal;selected;disabled;high_contrast;monochrome,resource,Cost quote; HUD; ritual preview; balance inspector,P1,ars_n_spells:ui/help,icon.ars_n_spells.resource.aura,Original or verified ANS-owned artwork; record author/source/license/hash; no upstream texture redistribution
ars_n_spells:resource/source,assets/ars_n_spells/textures/gui/icons/v2/resource/source.png,PROPOSED; not implemented,original_art,16;32 (32 uses separate /hd32 resource pack),normal;selected;disabled;high_contrast;monochrome,resource,Cost quote; HUD; ritual preview; balance inspector,P1,ars_n_spells:ui/help,icon.ars_n_spells.resource.source,Original or verified ANS-owned artwork; record author/source/license/hash; no upstream texture redistribution
ars_n_spells:resource/mana_cost,assets/ars_n_spells/textures/gui/icons/v2/resource/mana_cost.png,PROPOSED; not implemented,original_art,16;32 (32 uses separate /hd32 resource pack),normal;selected;disabled;high_contrast;monochrome,resource,Cost quote; HUD; ritual preview; balance inspector,P1,ars_n_spells:ui/help,icon.ars_n_spells.resource.mana_cost,Original or verified ANS-owned artwork; record author/source/license/hash; no upstream texture redistribution
ars_n_spells:resource/mana_refund,assets/ars_n_spells/textures/gui/icons/v2/resource/mana_refund.png,PROPOSED; not implemented,original_art,16;32 (32 uses separate /hd32 resource pack),normal;selected;disabled;high_contrast;monochrome,resource,Cost quote; HUD; ritual preview; balance inspector,P1,ars_n_spells:ui/help,icon.ars_n_spells.resource.mana_refund,Original or verified ANS-owned artwork; record author/source/license/hash; no upstream texture redistribution
ars_n_spells:resource/mana_reserve,assets/ars_n_spells/textures/gui/icons/v2/resource/mana_reserve.png,PROPOSED; not implemented,original_art,16;32 (32 uses separate /hd32 resource pack),normal;selected;disabled;high_contrast;monochrome,resource,Cost quote; HUD; ritual preview; balance inspector,P1,ars_n_spells:ui/help,icon.ars_n_spells.resource.mana_reserve,Original or verified ANS-owned artwork; record author/source/license/hash; no upstream texture redistribution
ars_n_spells:resource/mana_capacity,assets/ars_n_spells/textures/gui/icons/v2/resource/mana_capacity.png,PROPOSED; not implemented,original_art,16;32 (32 uses separate /hd32 resource pack),normal;selected;disabled;high_contrast;monochrome,resource,Cost quote; HUD; ritual preview; balance inspector,P1,ars_n_spells:ui/help,icon.ars_n_spells.resource.mana_capacity,Original or verified ANS-owned artwork; record author/source/license/hash; no upstream texture redistribution
ars_n_spells:resource/mana_regeneration,assets/ars_n_spells/textures/gui/icons/v2/resource/mana_regeneration.png,PROPOSED; not implemented,original_art,16;32 (32 uses separate /hd32 resource pack),normal;selected;disabled;high_contrast;monochrome,resource,Cost quote; HUD; ritual preview; balance inspector,P1,ars_n_spells:ui/help,icon.ars_n_spells.resource.mana_regeneration,Original or verified ANS-owned artwork; record author/source/license/hash; no upstream texture redistribution
ars_n_spells:resource/conversion,assets/ars_n_spells/textures/gui/icons/v2/resource/conversion.png,PROPOSED; not implemented,original_art,16;32 (32 uses separate /hd32 resource pack),normal;selected;disabled;high_contrast;monochrome,resource,Cost quote; HUD; ritual preview; balance inspector,P1,ars_n_spells:ui/help,icon.ars_n_spells.resource.conversion,Original or verified ANS-owned artwork; record author/source/license/hash; no upstream texture redistribution
ars_n_spells:resource/efficiency,assets/ars_n_spells/textures/gui/icons/v2/resource/efficiency.png,PROPOSED; not implemented,original_art,16;32 (32 uses separate /hd32 resource pack),normal;selected;disabled;high_contrast;monochrome,resource,Cost quote; HUD; ritual preview; balance inspector,P1,ars_n_spells:ui/help,icon.ars_n_spells.resource.efficiency,Original or verified ANS-owned artwork; record author/source/license/hash; no upstream texture redistribution
ars_n_spells:resource/power,assets/ars_n_spells/textures/gui/icons/v2/resource/power.png,PROPOSED; not implemented,original_art,16;32 (32 uses separate /hd32 resource pack),normal;selected;disabled;high_contrast;monochrome,resource,Cost quote; HUD; ritual preview; balance inspector,P1,ars_n_spells:ui/help,icon.ars_n_spells.resource.power,Original or verified ANS-owned artwork; record author/source/license/hash; no upstream texture redistribution
ars_n_spells:resource/resistance,assets/ars_n_spells/textures/gui/icons/v2/resource/resistance.png,PROPOSED; not implemented,original_art,16;32 (32 uses separate /hd32 resource pack),normal;selected;disabled;high_contrast;monochrome,resource,Cost quote; HUD; ritual preview; balance inspector,P1,ars_n_spells:ui/help,icon.ars_n_spells.resource.resistance,Original or verified ANS-owned artwork; record author/source/license/hash; no upstream texture redistribution
ars_n_spells:resource/health,assets/ars_n_spells/textures/gui/icons/v2/resource/health.png,PROPOSED; not implemented,original_art,16;32 (32 uses separate /hd32 resource pack),normal;selected;disabled;high_contrast;monochrome,resource,Cost quote; HUD; ritual preview; balance inspector,P1,ars_n_spells:ui/help,icon.ars_n_spells.resource.health,Original or verified ANS-owned artwork; record author/source/license/hash; no upstream texture redistribution
ars_n_spells:resource/cooldown,assets/ars_n_spells/textures/gui/icons/v2/resource/cooldown.png,PROPOSED; not implemented,original_art,16;32 (32 uses separate /hd32 resource pack),normal;selected;disabled;high_contrast;monochrome,resource,Cost quote; HUD; ritual preview; balance inspector,P1,ars_n_spells:ui/help,icon.ars_n_spells.resource.cooldown,Original or verified ANS-owned artwork; record author/source/license/hash; no upstream texture redistribution
ars_n_spells:resource/duration,assets/ars_n_spells/textures/gui/icons/v2/resource/duration.png,PROPOSED; not implemented,original_art,16;32 (32 uses separate /hd32 resource pack),normal;selected;disabled;high_contrast;monochrome,resource,Cost quote; HUD; ritual preview; balance inspector,P1,ars_n_spells:ui/help,icon.ars_n_spells.resource.duration,Original or verified ANS-owned artwork; record author/source/license/hash; no upstream texture redistribution
ars_n_spells:resource/range,assets/ars_n_spells/textures/gui/icons/v2/resource/range.png,PROPOSED; not implemented,original_art,16;32 (32 uses separate /hd32 resource pack),normal;selected;disabled;high_contrast;monochrome,resource,Cost quote; HUD; ritual preview; balance inspector,P1,ars_n_spells:ui/help,icon.ars_n_spells.resource.range,Original or verified ANS-owned artwork; record author/source/license/hash; no upstream texture redistribution
ars_n_spells:resource/area,assets/ars_n_spells/textures/gui/icons/v2/resource/area.png,PROPOSED; not implemented,original_art,16;32 (32 uses separate /hd32 resource pack),normal;selected;disabled;high_contrast;monochrome,resource,Cost quote; HUD; ritual preview; balance inspector,P1,ars_n_spells:ui/help,icon.ars_n_spells.resource.area,Original or verified ANS-owned artwork; record author/source/license/hash; no upstream texture redistribution
ars_n_spells:resource/tier_one,assets/ars_n_spells/textures/gui/icons/v2/resource/tier_one.png,PROPOSED; not implemented,original_art,16;32 (32 uses separate /hd32 resource pack),normal;selected;disabled;high_contrast;monochrome,resource,Cost quote; HUD; ritual preview; balance inspector,P1,ars_n_spells:ui/help,icon.ars_n_spells.resource.tier_one,Original or verified ANS-owned artwork; record author/source/license/hash; no upstream texture redistribution
ars_n_spells:resource/tier_two,assets/ars_n_spells/textures/gui/icons/v2/resource/tier_two.png,PROPOSED; not implemented,original_art,16;32 (32 uses separate /hd32 resource pack),normal;selected;disabled;high_contrast;monochrome,resource,Cost quote; HUD; ritual preview; balance inspector,P1,ars_n_spells:ui/help,icon.ars_n_spells.resource.tier_two,Original or verified ANS-owned artwork; record author/source/license/hash; no upstream texture redistribution
ars_n_spells:resource/tier_three,assets/ars_n_spells/textures/gui/icons/v2/resource/tier_three.png,PROPOSED; not implemented,original_art,16;32 (32 uses separate /hd32 resource pack),normal;selected;disabled;high_contrast;monochrome,resource,Cost quote; HUD; ritual preview; balance inspector,P1,ars_n_spells:ui/help,icon.ars_n_spells.resource.tier_three,Original or verified ANS-owned artwork; record author/source/license/hash; no upstream texture redistribution
ars_n_spells:ritual/mana_infusion,assets/ars_n_spells/textures/gui/icons/v2/ritual/mana_infusion.png,PROPOSED; not implemented,owned_composition_review,16;32 (32 uses separate /hd32 resource pack),normal;selected;disabled;high_contrast;monochrome,ritual,Ritual tablet item/guide/JEI recipe category; reuse own art only after provenance review,P2,ars_n_spells:ui/help,icon.ars_n_spells.ritual.mana_infusion,Original or verified ANS-owned artwork; record author/source/license/hash; no upstream texture redistribution
ars_n_spells:ritual/mana_well,assets/ars_n_spells/textures/gui/icons/v2/ritual/mana_well.png,PROPOSED; not implemented,owned_composition_review,16;32 (32 uses separate /hd32 resource pack),normal;selected;disabled;high_contrast;monochrome,ritual,Ritual tablet item/guide/JEI recipe category; reuse own art only after provenance review,P2,ars_n_spells:ui/help,icon.ars_n_spells.ritual.mana_well,Original or verified ANS-owned artwork; record author/source/license/hash; no upstream texture redistribution
ars_n_spells:ritual/spell_transcription,assets/ars_n_spells/textures/gui/icons/v2/ritual/spell_transcription.png,PROPOSED; not implemented,owned_composition_review,16;32 (32 uses separate /hd32 resource pack),normal;selected;disabled;high_contrast;monochrome,ritual,Ritual tablet item/guide/JEI recipe category; reuse own art only after provenance review,P2,ars_n_spells:ui/help,icon.ars_n_spells.ritual.spell_transcription,Original or verified ANS-owned artwork; record author/source/license/hash; no upstream texture redistribution
ars_n_spells:ritual/spellbook_binding,assets/ars_n_spells/textures/gui/icons/v2/ritual/spellbook_binding.png,PROPOSED; not implemented,owned_composition_review,16;32 (32 uses separate /hd32 resource pack),normal;selected;disabled;high_contrast;monochrome,ritual,Ritual tablet item/guide/JEI recipe category; reuse own art only after provenance review,P2,ars_n_spells:ui/help,icon.ars_n_spells.ritual.spellbook_binding,Original or verified ANS-owned artwork; record author/source/license/hash; no upstream texture redistribution
ars_n_spells:ritual/spell_uninscription,assets/ars_n_spells/textures/gui/icons/v2/ritual/spell_uninscription.png,PROPOSED; not implemented,owned_composition_review,16;32 (32 uses separate /hd32 resource pack),normal;selected;disabled;high_contrast;monochrome,ritual,Ritual tablet item/guide/JEI recipe category; reuse own art only after provenance review,P2,ars_n_spells:ui/help,icon.ars_n_spells.ritual.spell_uninscription,Original or verified ANS-owned artwork; record author/source/license/hash; no upstream texture redistribution
ars_n_spells:carrier/scroll_blank,assets/ars_n_spells/textures/gui/icons/v2/carrier/scroll_blank.png,PROPOSED; not implemented,original_art,16;32 (32 uses separate /hd32 resource pack),normal;selected;disabled;high_contrast;monochrome,carrier,Loom slot hints; book inspector; onboarding,P2,ars_n_spells:ui/help,icon.ars_n_spells.carrier.scroll_blank,Original or verified ANS-owned artwork; record author/source/license/hash; no upstream texture redistribution
ars_n_spells:carrier/scroll_inscribed,assets/ars_n_spells/textures/gui/icons/v2/carrier/scroll_inscribed.png,PROPOSED; not implemented,original_art,16;32 (32 uses separate /hd32 resource pack),normal;selected;disabled;high_contrast;monochrome,carrier,Loom slot hints; book inspector; onboarding,P2,ars_n_spells:ui/help,icon.ars_n_spells.carrier.scroll_inscribed,Original or verified ANS-owned artwork; record author/source/license/hash; no upstream texture redistribution
ars_n_spells:carrier/book_ars,assets/ars_n_spells/textures/gui/icons/v2/carrier/book_ars.png,PROPOSED; not implemented,original_art,16;32 (32 uses separate /hd32 resource pack),normal;selected;disabled;high_contrast;monochrome,carrier,Loom slot hints; book inspector; onboarding,P2,ars_n_spells:ui/help,icon.ars_n_spells.carrier.book_ars,Original or verified ANS-owned artwork; record author/source/license/hash; no upstream texture redistribution
ars_n_spells:carrier/book_irons,assets/ars_n_spells/textures/gui/icons/v2/carrier/book_irons.png,PROPOSED; not implemented,original_art,16;32 (32 uses separate /hd32 resource pack),normal;selected;disabled;high_contrast;monochrome,carrier,Loom slot hints; book inspector; onboarding,P2,ars_n_spells:ui/help,icon.ars_n_spells.carrier.book_irons,Original or verified ANS-owned artwork; record author/source/license/hash; no upstream texture redistribution
ars_n_spells:carrier/book_mixed,assets/ars_n_spells/textures/gui/icons/v2/carrier/book_mixed.png,PROPOSED; not implemented,original_art,16;32 (32 uses separate /hd32 resource pack),normal;selected;disabled;high_contrast;monochrome,carrier,Loom slot hints; book inspector; onboarding,P2,ars_n_spells:ui/help,icon.ars_n_spells.carrier.book_mixed,Original or verified ANS-owned artwork; record author/source/license/hash; no upstream texture redistribution
ars_n_spells:carrier/focus,assets/ars_n_spells/textures/gui/icons/v2/carrier/focus.png,PROPOSED; not implemented,original_art,16;32 (32 uses separate /hd32 resource pack),normal;selected;disabled;high_contrast;monochrome,carrier,Loom slot hints; book inspector; onboarding,P2,ars_n_spells:ui/help,icon.ars_n_spells.carrier.focus,Original or verified ANS-owned artwork; record author/source/license/hash; no upstream texture redistribution
ars_n_spells:carrier/parchment,assets/ars_n_spells/textures/gui/icons/v2/carrier/parchment.png,PROPOSED; not implemented,original_art,16;32 (32 uses separate /hd32 resource pack),normal;selected;disabled;high_contrast;monochrome,carrier,Loom slot hints; book inspector; onboarding,P2,ars_n_spells:ui/help,icon.ars_n_spells.carrier.parchment,Original or verified ANS-owned artwork; record author/source/license/hash; no upstream texture redistribution
ars_n_spells:carrier/slot_empty,assets/ars_n_spells/textures/gui/icons/v2/carrier/slot_empty.png,PROPOSED; not implemented,original_art,16;32 (32 uses separate /hd32 resource pack),normal;selected;disabled;high_contrast;monochrome,carrier,Loom slot hints; book inspector; onboarding,P2,ars_n_spells:ui/help,icon.ars_n_spells.carrier.slot_empty,Original or verified ANS-owned artwork; record author/source/license/hash; no upstream texture redistribution
ars_n_spells:carrier/slot_native,assets/ars_n_spells/textures/gui/icons/v2/carrier/slot_native.png,PROPOSED; not implemented,original_art,16;32 (32 uses separate /hd32 resource pack),normal;selected;disabled;high_contrast;monochrome,carrier,Loom slot hints; book inspector; onboarding,P2,ars_n_spells:ui/help,icon.ars_n_spells.carrier.slot_native,Original or verified ANS-owned artwork; record author/source/license/hash; no upstream texture redistribution
ars_n_spells:carrier/slot_cross,assets/ars_n_spells/textures/gui/icons/v2/carrier/slot_cross.png,PROPOSED; not implemented,original_art,16;32 (32 uses separate /hd32 resource pack),normal;selected;disabled;high_contrast;monochrome,carrier,Loom slot hints; book inspector; onboarding,P2,ars_n_spells:ui/help,icon.ars_n_spells.carrier.slot_cross,Original or verified ANS-owned artwork; record author/source/license/hash; no upstream texture redistribution
ars_n_spells:carrier/slot_conflict,assets/ars_n_spells/textures/gui/icons/v2/carrier/slot_conflict.png,PROPOSED; not implemented,original_art,16;32 (32 uses separate /hd32 resource pack),normal;selected;disabled;high_contrast;monochrome,carrier,Loom slot hints; book inspector; onboarding,P2,ars_n_spells:ui/help,icon.ars_n_spells.carrier.slot_conflict,Original or verified ANS-owned artwork; record author/source/license/hash; no upstream texture redistribution
ars_n_spells:carrier/slot_locked,assets/ars_n_spells/textures/gui/icons/v2/carrier/slot_locked.png,PROPOSED; not implemented,original_art,16;32 (32 uses separate /hd32 resource pack),normal;selected;disabled;high_contrast;monochrome,carrier,Loom slot hints; book inspector; onboarding,P2,ars_n_spells:ui/help,icon.ars_n_spells.carrier.slot_locked,Original or verified ANS-owned artwork; record author/source/license/hash; no upstream texture redistribution
