loader,path,bytes,sha256,source_url
forge,src/main/java/com/otectus/arsnspells/affinity/AffinityBonuses.java,708,e3032a87c88f54732c0b7264bb5a0724a9903716b1a572d2b47bcaa805632047,https://github.com/otectus/ars-n-spells/blob/2578bad5d820fc2de9f38c26c92833a0d977c441/src/main/java/com/otectus/arsnspells/affinity/AffinityBonuses.java
forge,src/main/java/com/otectus/arsnspells/affinity/AffinityCalculator.java,918,a16cb163c8fe1dedaef1125e07814fb6373a4412b6b2da656f8748c0a705eb17,https://github.com/otectus/ars-n-spells/blob/2578bad5d820fc2de9f38c26c92833a0d977c441/src/main/java/com/otectus/arsnspells/affinity/AffinityCalculator.java
forge,src/main/java/com/otectus/arsnspells/affinity/AffinityType.java,884,99e6434420d2a49beb412c4b4c75d81a242dd7cd8629c8b1a7c6e8d2668a5d7d,https://github.com/otectus/ars-n-spells/blob/2578bad5d820fc2de9f38c26c92833a0d977c441/src/main/java/com/otectus/arsnspells/affinity/AffinityType.java
forge,src/main/java/com/otectus/arsnspells/ArsNSpells.java,20086,eb1d5d523b495aba0425c824db91d841c4d45257edab9aecf178092f5162dca2,https://github.com/otectus/ars-n-spells/blob/2578bad5d820fc2de9f38c26c92833a0d977c441/src/main/java/com/otectus/arsnspells/ArsNSpells.java
forge,src/main/java/com/otectus/arsnspells/augmentation/ResonanceManager.java,4986,09c1c17df8a69502322a66237a9e5f72092f3bf9a11efc892f898a47d2d01abf,https://github.com/otectus/ars-n-spells/blob/2578bad5d820fc2de9f38c26c92833a0d977c441/src/main/java/com/otectus/arsnspells/augmentation/ResonanceManager.java
forge,src/main/java/com/otectus/arsnspells/block/SpellLoomBlock.java,2267,0f3a18e853ddbf09b5c6be5ddc7ee08c20a7d6a14cabbf67ead0cc3fd946444a,https://github.com/otectus/ars-n-spells/blob/2578bad5d820fc2de9f38c26c92833a0d977c441/src/main/java/com/otectus/arsnspells/block/SpellLoomBlock.java
forge,src/main/java/com/otectus/arsnspells/block/SpellLoomBlockEntity.java,3610,426545f6841939043386cd50b342dd3027621f3c51aaa557a3d879257b87b5cb,https://github.com/otectus/ars-n-spells/blob/2578bad5d820fc2de9f38c26c92833a0d977c441/src/main/java/com/otectus/arsnspells/block/SpellLoomBlockEntity.java
forge,src/main/java/com/otectus/arsnspells/bridge/ArsNativeBridge.java,1900,85e8ed93ceeceab847952a146404544e40ba1788832dd68782d57cb89bf50363,https://github.com/otectus/ars-n-spells/blob/2578bad5d820fc2de9f38c26c92833a0d977c441/src/main/java/com/otectus/arsnspells/bridge/ArsNativeBridge.java
forge,src/main/java/com/otectus/arsnspells/bridge/BridgeManager.java,15459,fbcdb36c6ce61d07120b6d36e59123946a0f3edb0d5f45caf0f73190a917eb41,https://github.com/otectus/ars-n-spells/blob/2578bad5d820fc2de9f38c26c92833a0d977c441/src/main/java/com/otectus/arsnspells/bridge/BridgeManager.java
forge,src/main/java/com/otectus/arsnspells/bridge/IManaBridge.java,1418,88a92b510cc01a00f9cdd8e4230101ac7b1252a54af92d7f8810eb7a1429459e,https://github.com/otectus/ars-n-spells/blob/2578bad5d820fc2de9f38c26c92833a0d977c441/src/main/java/com/otectus/arsnspells/bridge/IManaBridge.java
forge,src/main/java/com/otectus/arsnspells/bridge/IronsBridge.java,6081,a7b98a5fc874eea3a86b9c83043530031aa9b4ea3a3c3ca39d7e12221ac3bbaf,https://github.com/otectus/ars-n-spells/blob/2578bad5d820fc2de9f38c26c92833a0d977c441/src/main/java/com/otectus/arsnspells/bridge/IronsBridge.java
forge,src/main/java/com/otectus/arsnspells/bridge/ManaRegenBridge.java,5958,5b82379344a9d1af23774a4a30adda6495c507bae4ee8899046b89196a181cc6,https://github.com/otectus/ars-n-spells/blob/2578bad5d820fc2de9f38c26c92833a0d977c441/src/main/java/com/otectus/arsnspells/bridge/ManaRegenBridge.java
forge,src/main/java/com/otectus/arsnspells/bridge/SharedPoolCeiling.java,2759,e8fa2e9cf073c7d45c96893b71008cf794cf5003b2f05a57da450ff0f2b8c20c,https://github.com/otectus/ars-n-spells/blob/2578bad5d820fc2de9f38c26c92833a0d977c441/src/main/java/com/otectus/arsnspells/bridge/SharedPoolCeiling.java
forge,src/main/java/com/otectus/arsnspells/casting/CastingAuthority.java,10659,7c375764407262e982b80f0c2018efd55d1b3e73e31f23874f33bee0443451dc,https://github.com/otectus/ars-n-spells/blob/2578bad5d820fc2de9f38c26c92833a0d977c441/src/main/java/com/otectus/arsnspells/casting/CastingAuthority.java
forge,src/main/java/com/otectus/arsnspells/client/ArsNSpellsClient.java,5110,0a734bade1d3b95b21a66b44a0e9420126e46f72937877ba1f3a2038846ff1aa,https://github.com/otectus/ars-n-spells/blob/2578bad5d820fc2de9f38c26c92833a0d977c441/src/main/java/com/otectus/arsnspells/client/ArsNSpellsClient.java
forge,src/main/java/com/otectus/arsnspells/client/ClientAffinityPacketHandler.java,1898,2b77961d5cc9e8517381fd90e0a505bc7b60b71ddee080dcf81af11459287c67,https://github.com/otectus/ars-n-spells/blob/2578bad5d820fc2de9f38c26c92833a0d977c441/src/main/java/com/otectus/arsnspells/client/ClientAffinityPacketHandler.java
forge,src/main/java/com/otectus/arsnspells/client/ClientAuraPeakTracker.java,4277,0aea05530b67a073ca8131a28de945842e881826084e76736ea872c8a4ab9e40,https://github.com/otectus/ars-n-spells/blob/2578bad5d820fc2de9f38c26c92833a0d977c441/src/main/java/com/otectus/arsnspells/client/ClientAuraPeakTracker.java
forge,src/main/java/com/otectus/arsnspells/client/CovenantCompatNotice.java,1645,a50675c283f7e036881a1e35b3d5e90f9e348f773b1278f0abbc5a79df0d083c,https://github.com/otectus/ars-n-spells/blob/2578bad5d820fc2de9f38c26c92833a0d977c441/src/main/java/com/otectus/arsnspells/client/CovenantCompatNotice.java
forge,src/main/java/com/otectus/arsnspells/client/ManaBarController.java,5913,b24650299a01abae4228b2643a705ab9f96331908df5d66a2b41ecc1d1ce3227,https://github.com/otectus/ars-n-spells/blob/2578bad5d820fc2de9f38c26c92833a0d977c441/src/main/java/com/otectus/arsnspells/client/ManaBarController.java
forge,src/main/java/com/otectus/arsnspells/client/OverlayDiagnostics.java,3784,841ebcbf5c09d8f49803b27a18ec4aab92a8351200050a938daac8c064543fd6,https://github.com/otectus/ars-n-spells/blob/2578bad5d820fc2de9f38c26c92833a0d977c441/src/main/java/com/otectus/arsnspells/client/OverlayDiagnostics.java
forge,src/main/java/com/otectus/arsnspells/client/screen/ConfigScreenFactory.java,22428,131aca68ff053cc27292cc35960a63703246f09df6b429c4712a137e90bbafa8,https://github.com/otectus/ars-n-spells/blob/2578bad5d820fc2de9f38c26c92833a0d977c441/src/main/java/com/otectus/arsnspells/client/screen/ConfigScreenFactory.java
forge,src/main/java/com/otectus/arsnspells/client/screen/SpellLoomScreen.java,15484,cced1d57744a82d29294a8390232d5c0a5f096be42a0f724c9098adcb0010e8f,https://github.com/otectus/ars-n-spells/blob/2578bad5d820fc2de9f38c26c92833a0d977c441/src/main/java/com/otectus/arsnspells/client/screen/SpellLoomScreen.java
forge,src/main/java/com/otectus/arsnspells/commands/ArsNSpellsCommands.java,20069,338a9cc5ad797fa2cd2f7fdf0135f98c3524f36a3705be7dae048b405cedde6a,https://github.com/otectus/ars-n-spells/blob/2578bad5d820fc2de9f38c26c92833a0d977c441/src/main/java/com/otectus/arsnspells/commands/ArsNSpellsCommands.java
forge,src/main/java/com/otectus/arsnspells/compat/IronsCompat.java,921,611a3014716b8473e92648af6d6d6b8cee8290bd4992fb036911db1662550cbd,https://github.com/otectus/ars-n-spells/blob/2578bad5d820fc2de9f38c26c92833a0d977c441/src/main/java/com/otectus/arsnspells/compat/IronsCompat.java
forge,src/main/java/com/otectus/arsnspells/compat/jei/ArsNSpellsJeiPlugin.java,3211,45b1294fda9a0cfd458cf6f08619f0706603371bb41e81b1dadbe99ea4073298,https://github.com/otectus/ars-n-spells/blob/2578bad5d820fc2de9f38c26c92833a0d977c441/src/main/java/com/otectus/arsnspells/compat/jei/ArsNSpellsJeiPlugin.java
forge,src/main/java/com/otectus/arsnspells/compat/jei/IronsProxyRecipeHider.java,3717,009d7ebfa55b6911de982699dcea3bb9cd5cfaf3ef5e6ad6ad9f507475376a57,https://github.com/otectus/ars-n-spells/blob/2578bad5d820fc2de9f38c26c92833a0d977c441/src/main/java/com/otectus/arsnspells/compat/jei/IronsProxyRecipeHider.java
forge,src/main/java/com/otectus/arsnspells/compat/SanctifiedLegacyCompat.java,51678,a6e6b6ab3dae2759ca748b622d74b5664ed9d8201b71d638147a86c6f79ffdc6,https://github.com/otectus/ars-n-spells/blob/2578bad5d820fc2de9f38c26c92833a0d977c441/src/main/java/com/otectus/arsnspells/compat/SanctifiedLegacyCompat.java
forge,src/main/java/com/otectus/arsnspells/compat/ScrollLPTracker.java,4453,e91e602180d08e61e04d538bc41bf601f9a4f85613f70adfff5e2d25da60d592,https://github.com/otectus/ars-n-spells/blob/2578bad5d820fc2de9f38c26c92833a0d977c441/src/main/java/com/otectus/arsnspells/compat/ScrollLPTracker.java
forge,src/main/java/com/otectus/arsnspells/config/AnsConfig.java,48011,e74711645d6014dcecf7b92d119c14c912935c61033938bca7f711769e48f16b,https://github.com/otectus/ars-n-spells/blob/2578bad5d820fc2de9f38c26c92833a0d977c441/src/main/java/com/otectus/arsnspells/config/AnsConfig.java
forge,src/main/java/com/otectus/arsnspells/config/ManaUnificationMode.java,4549,94fe049075cddee4389eba1077feeae5bfbd448bf2935fff5ce2b46456dfad50,https://github.com/otectus/ars-n-spells/blob/2578bad5d820fc2de9f38c26c92833a0d977c441/src/main/java/com/otectus/arsnspells/config/ManaUnificationMode.java
forge,src/main/java/com/otectus/arsnspells/cooldown/CooldownCategory.java,355,94629a809bca42a68be0c027c6287537a52a2c4299d0ecba42bfe5c4c82004b4,https://github.com/otectus/ars-n-spells/blob/2578bad5d820fc2de9f38c26c92833a0d977c441/src/main/java/com/otectus/arsnspells/cooldown/CooldownCategory.java
forge,src/main/java/com/otectus/arsnspells/cooldown/CooldownTracker.java,665,71ddc357fa9d2d3c52aaa1b910fe1518d5cceb72990847171f0cc58b2cee7c6a,https://github.com/otectus/ars-n-spells/blob/2578bad5d820fc2de9f38c26c92833a0d977c441/src/main/java/com/otectus/arsnspells/cooldown/CooldownTracker.java
forge,src/main/java/com/otectus/arsnspells/cooldown/SpellCategorizer.java,1302,dd9e321708778853482e5ee7dc2186484047f72866dc0ec4be54edfb49c9d9f0,https://github.com/otectus/ars-n-spells/blob/2578bad5d820fc2de9f38c26c92833a0d977c441/src/main/java/com/otectus/arsnspells/cooldown/SpellCategorizer.java
forge,src/main/java/com/otectus/arsnspells/cooldown/UnifiedCooldownManager.java,8150,3982d6d1d58e6c6a05cdf2162c7e0538fdd7eec2aa271613dd259c4147e19f1d,https://github.com/otectus/ars-n-spells/blob/2578bad5d820fc2de9f38c26c92833a0d977c441/src/main/java/com/otectus/arsnspells/cooldown/UnifiedCooldownManager.java
forge,src/main/java/com/otectus/arsnspells/data/AffinityData.java,2759,064e83e19eacb9dce5ffba4946fa6dbfa35fb042c93a7183bb29964c5bec754c,https://github.com/otectus/ars-n-spells/blob/2578bad5d820fc2de9f38c26c92833a0d977c441/src/main/java/com/otectus/arsnspells/data/AffinityData.java
forge,src/main/java/com/otectus/arsnspells/data/CooldownData.java,2657,cd95d97d23dc138541901fd05ed567adf2f2817c611a6007c3e620890f06d1b1,https://github.com/otectus/ars-n-spells/blob/2578bad5d820fc2de9f38c26c92833a0d977c441/src/main/java/com/otectus/arsnspells/data/CooldownData.java
forge,src/main/java/com/otectus/arsnspells/data/DecayAccumulator.java,2886,b5dec9fa797e7f5ee27c8a521ba1a34ae2920ca07c7a2f83c63e64e15d0d5389,https://github.com/otectus/ars-n-spells/blob/2578bad5d820fc2de9f38c26c92833a0d977c441/src/main/java/com/otectus/arsnspells/data/DecayAccumulator.java
forge,src/main/java/com/otectus/arsnspells/data/GlyphSchoolReloadListener.java,5069,d35669645d067b197aebc6d630e134a084a322bbd92228d2475531ac16581053,https://github.com/otectus/ars-n-spells/blob/2578bad5d820fc2de9f38c26c92833a0d977c441/src/main/java/com/otectus/arsnspells/data/GlyphSchoolReloadListener.java
forge,src/main/java/com/otectus/arsnspells/data/ModCapabilityProvider.java,4455,83f89763b6978d319094e9fb8462b4fc9e0aab385eb92653eb11d6b07519c6ad,https://github.com/otectus/ars-n-spells/blob/2578bad5d820fc2de9f38c26c92833a0d977c441/src/main/java/com/otectus/arsnspells/data/ModCapabilityProvider.java
forge,src/main/java/com/otectus/arsnspells/data/ProgressionData.java,2458,86a26fe0c1fc2cdd3c1be579300f353c271b4800b1005995e383481e14aac0dd,https://github.com/otectus/ars-n-spells/blob/2578bad5d820fc2de9f38c26c92833a0d977c441/src/main/java/com/otectus/arsnspells/data/ProgressionData.java
forge,src/main/java/com/otectus/arsnspells/equipment/EquipmentIntegration.java,30170,37b4d02aa22917e85b9d02ece0ae67b117732be626d8f63e0f6cdc64b419df75,https://github.com/otectus/ars-n-spells/blob/2578bad5d820fc2de9f38c26c92833a0d977c441/src/main/java/com/otectus/arsnspells/equipment/EquipmentIntegration.java
forge,src/main/java/com/otectus/arsnspells/events/AffinityDecayHandler.java,3344,5a453a7d477669d20ef87518fc1d40623e54ea0118b0653008354b43e9ec4b3c,https://github.com/otectus/ars-n-spells/blob/2578bad5d820fc2de9f38c26c92833a0d977c441/src/main/java/com/otectus/arsnspells/events/AffinityDecayHandler.java
forge,src/main/java/com/otectus/arsnspells/events/AffinityHandler.java,2371,ea8f02af9b5336dec17f0779b02497ccc1dcfca23c82640654ed9c98f2296e22,https://github.com/otectus/ars-n-spells/blob/2578bad5d820fc2de9f38c26c92833a0d977c441/src/main/java/com/otectus/arsnspells/events/AffinityHandler.java
forge,src/main/java/com/otectus/arsnspells/events/ArsManaCalcHandler.java,5085,ced1ddf3b185c11ec40be150a227319a1bcc35eaf283e0a519aca5dd40b17da8,https://github.com/otectus/ars-n-spells/blob/2578bad5d820fc2de9f38c26c92833a0d977c441/src/main/java/com/otectus/arsnspells/events/ArsManaCalcHandler.java
forge,src/main/java/com/otectus/arsnspells/events/ArsSpellScalingHandler.java,5377,b6559467ee7ddc7f04da2f4a92dffa679cd1d62645116574e4e435860c7e7dec,https://github.com/otectus/ars-n-spells/blob/2578bad5d820fc2de9f38c26c92833a0d977c441/src/main/java/com/otectus/arsnspells/events/ArsSpellScalingHandler.java
forge,src/main/java/com/otectus/arsnspells/events/CapabilityResyncHandler.java,4431,cec4e4d80ddc271583a3cd66fcff47963bb80e59b8c3404c5d73e96eddd2db96,https://github.com/otectus/ars-n-spells/blob/2578bad5d820fc2de9f38c26c92833a0d977c441/src/main/java/com/otectus/arsnspells/events/CapabilityResyncHandler.java
forge,src/main/java/com/otectus/arsnspells/events/CooldownHandler.java,1922,78342d17fea4f78852f7ff318d83521b3e5c1154da8dfd2f09dd2be99029ada4,https://github.com/otectus/ars-n-spells/blob/2578bad5d820fc2de9f38c26c92833a0d977c441/src/main/java/com/otectus/arsnspells/events/CooldownHandler.java
forge,src/main/java/com/otectus/arsnspells/events/CrossSpellTooltipHandler.java,6690,f9d5db3fb4eace4bae2b99418b1b11c1d3d224441c41a1a80609402f1207a3c6,https://github.com/otectus/ars-n-spells/blob/2578bad5d820fc2de9f38c26c92833a0d977c441/src/main/java/com/otectus/arsnspells/events/CrossSpellTooltipHandler.java
forge,src/main/java/com/otectus/arsnspells/events/CurioDiscountHandler.java,7527,48349818e317645807d54392e70f5758559527963a1adfa7366895693cd5cf62,https://github.com/otectus/ars-n-spells/blob/2578bad5d820fc2de9f38c26c92833a0d977c441/src/main/java/com/otectus/arsnspells/events/CurioDiscountHandler.java
forge,src/main/java/com/otectus/arsnspells/events/CursedRingHandler.java,17575,ecedd0b9b5463663780a709c077db10e41d70b6c01da34a276a19da492e34dfe,https://github.com/otectus/ars-n-spells/blob/2578bad5d820fc2de9f38c26c92833a0d977c441/src/main/java/com/otectus/arsnspells/events/CursedRingHandler.java
forge,src/main/java/com/otectus/arsnspells/events/EquipmentHandler.java,8528,b2746c101b96dd8dc7e6c9e9cce9970f4276b2a0de748e6d5d4d4d08834a0de7,https://github.com/otectus/ars-n-spells/blob/2578bad5d820fc2de9f38c26c92833a0d977c441/src/main/java/com/otectus/arsnspells/events/EquipmentHandler.java
forge,src/main/java/com/otectus/arsnspells/events/IronsAffinityHandler.java,2693,0ef488cb8d70ca9d6ab93bdfb22858aabe8bf3640aca8a0a7eeb5ab24222c4c1,https://github.com/otectus/ars-n-spells/blob/2578bad5d820fc2de9f38c26c92833a0d977c441/src/main/java/com/otectus/arsnspells/events/IronsAffinityHandler.java
forge,src/main/java/com/otectus/arsnspells/events/IronsCooldownHandler.java,2865,d3effbfcdd67d982096bcda449cb7cbb59a639f120a8d5230324a7ceb8e1494d,https://github.com/otectus/ars-n-spells/blob/2578bad5d820fc2de9f38c26c92833a0d977c441/src/main/java/com/otectus/arsnspells/events/IronsCooldownHandler.java
forge,src/main/java/com/otectus/arsnspells/events/IronsLPHandler.java,13768,0d1669a0ee1468625a2df863e05271a960c80598438ad5c8cf207f860bd26577,https://github.com/otectus/ars-n-spells/blob/2578bad5d820fc2de9f38c26c92833a0d977c441/src/main/java/com/otectus/arsnspells/events/IronsLPHandler.java
forge,src/main/java/com/otectus/arsnspells/events/IronsProgressionHandler.java,2474,ae56b61463d4ece241c3d225ca1367fbf63aef02333542c6831ab967a42f4a73,https://github.com/otectus/ars-n-spells/blob/2578bad5d820fc2de9f38c26c92833a0d977c441/src/main/java/com/otectus/arsnspells/events/IronsProgressionHandler.java
forge,src/main/java/com/otectus/arsnspells/events/LPDeathPrevention.java,8453,a257b3353427eb4632fff775081a6ba8a6707f7c06df151c4c1f629ca7203f78,https://github.com/otectus/ars-n-spells/blob/2578bad5d820fc2de9f38c26c92833a0d977c441/src/main/java/com/otectus/arsnspells/events/LPDeathPrevention.java
forge,src/main/java/com/otectus/arsnspells/events/ProgressionHandler.java,3401,7156da71a754b1cc241b036506ab22538f73da1aca041ca7866ac6004a07c435,https://github.com/otectus/ars-n-spells/blob/2578bad5d820fc2de9f38c26c92833a0d977c441/src/main/java/com/otectus/arsnspells/events/ProgressionHandler.java
forge,src/main/java/com/otectus/arsnspells/events/RegenSynergyHandler.java,10385,603843aeb3b8bad115a343a1848e65bca438e88160817e0cad9cbf2286f91210,https://github.com/otectus/ars-n-spells/blob/2578bad5d820fc2de9f38c26c92833a0d977c441/src/main/java/com/otectus/arsnspells/events/RegenSynergyHandler.java
forge,src/main/java/com/otectus/arsnspells/events/ResonanceEvents.java,3186,5b4a1a0f0d96843b5ce82f83a0da4f2d4adc17fe64895e5eac590bcd57c65e5e,https://github.com/otectus/ars-n-spells/blob/2578bad5d820fc2de9f38c26c92833a0d977c441/src/main/java/com/otectus/arsnspells/events/ResonanceEvents.java
forge,src/main/java/com/otectus/arsnspells/events/VirtueRingHandler.java,13329,4e01a6afa90becfc5291ac03fb3e1cc610fc68ac367762ce98ae31a54ad4a08a,https://github.com/otectus/ars-n-spells/blob/2578bad5d820fc2de9f38c26c92833a0d977c441/src/main/java/com/otectus/arsnspells/events/VirtueRingHandler.java
forge,src/main/java/com/otectus/arsnspells/gametest/AddonCompatGameTests.java,26535,d9490744561592ef33a9dc54e9d2470c7880477f45afccdb8dd4099a32895b1b,https://github.com/otectus/ars-n-spells/blob/2578bad5d820fc2de9f38c26c92833a0d977c441/src/main/java/com/otectus/arsnspells/gametest/AddonCompatGameTests.java
forge,src/main/java/com/otectus/arsnspells/gametest/ArsIronsExportGameTests.java,19588,69118181762193d44b0e93a7eff6ef7d353d914e26c15dee85713dbcb3de95f7,https://github.com/otectus/ars-n-spells/blob/2578bad5d820fc2de9f38c26c92833a0d977c441/src/main/java/com/otectus/arsnspells/gametest/ArsIronsExportGameTests.java
forge,src/main/java/com/otectus/arsnspells/gametest/CreativeTabGameTests.java,9725,4ea71eb3c02af8581867f80c113e279e278e04986f64a8b42935c991583cc9f9,https://github.com/otectus/ars-n-spells/blob/2578bad5d820fc2de9f38c26c92833a0d977c441/src/main/java/com/otectus/arsnspells/gametest/CreativeTabGameTests.java
forge,src/main/java/com/otectus/arsnspells/gametest/CrossCastGameTests.java,51473,2de78466a7eb59f5f2f84622c4a8ecf74ed337cb49309997fe47c9dddcd3a70c,https://github.com/otectus/ars-n-spells/blob/2578bad5d820fc2de9f38c26c92833a0d977c441/src/main/java/com/otectus/arsnspells/gametest/CrossCastGameTests.java
forge,src/main/java/com/otectus/arsnspells/gametest/CrossSpellTooltipGameTests.java,10125,144422c934a8432d272433a06e63486398e90cf6af143e6964a219c16643ee32,https://github.com/otectus/ars-n-spells/blob/2578bad5d820fc2de9f38c26c92833a0d977c441/src/main/java/com/otectus/arsnspells/gametest/CrossSpellTooltipGameTests.java
forge,src/main/java/com/otectus/arsnspells/gametest/IronsProxyCastDriver.java,9849,f0c78e6a7f8329e57c8aa51394dfb2c2f84e1088678ca637bafcea21349f126c,https://github.com/otectus/ars-n-spells/blob/2578bad5d820fc2de9f38c26c92833a0d977c441/src/main/java/com/otectus/arsnspells/gametest/IronsProxyCastDriver.java
forge,src/main/java/com/otectus/arsnspells/gametest/RitualLifecycleGameTests.java,14501,b479a6725524c093cd669621672b113fc069d436de9171c142ab82939037b542,https://github.com/otectus/ars-n-spells/blob/2578bad5d820fc2de9f38c26c92833a0d977c441/src/main/java/com/otectus/arsnspells/gametest/RitualLifecycleGameTests.java
forge,src/main/java/com/otectus/arsnspells/gametest/RitualTabletGameTests.java,5933,92199a23280575aa0612b4f3e32fb6912ab551fbb1484292908705053796b8f1,https://github.com/otectus/ars-n-spells/blob/2578bad5d820fc2de9f38c26c92833a0d977c441/src/main/java/com/otectus/arsnspells/gametest/RitualTabletGameTests.java
forge,src/main/java/com/otectus/arsnspells/gametest/SharedPoolManaGameTests.java,12139,b3b6fc7f328d5f9640f62cfbc364d870c5fb79f619493341d9eebbe189a335d2,https://github.com/otectus/ars-n-spells/blob/2578bad5d820fc2de9f38c26c92833a0d977c441/src/main/java/com/otectus/arsnspells/gametest/SharedPoolManaGameTests.java
forge,src/main/java/com/otectus/arsnspells/menu/SpellLoomMenu.java,5725,6263fb2e8f73eb10ed46571774b12c11945694f2a46e88cded51fe8e7d142935,https://github.com/otectus/ars-n-spells/blob/2578bad5d820fc2de9f38c26c92833a0d977c441/src/main/java/com/otectus/arsnspells/menu/SpellLoomMenu.java
forge,src/main/java/com/otectus/arsnspells/mixin/ars/MixinArsPotionEffects.java,9536,183069ff5eeffc2fbfd83456682f99016957ada4c127709619305299a9126ca0,https://github.com/otectus/ars-n-spells/blob/2578bad5d820fc2de9f38c26c92833a0d977c441/src/main/java/com/otectus/arsnspells/mixin/ars/MixinArsPotionEffects.java
forge,src/main/java/com/otectus/arsnspells/mixin/ars/MixinManaCapability.java,11030,f8d25bc8118c83ed4a274726a45c014ca3b097e130dbeca2c0adef0a2980c983,https://github.com/otectus/ars-n-spells/blob/2578bad5d820fc2de9f38c26c92833a0d977c441/src/main/java/com/otectus/arsnspells/mixin/ars/MixinManaCapability.java
forge,src/main/java/com/otectus/arsnspells/mixin/ars/MixinSpellResolverMana.java,6984,ba202e680f0b4f9d5d38cb78d3412428d13d9ebe67440eb5d2c76099e3ad8789,https://github.com/otectus/ars-n-spells/blob/2578bad5d820fc2de9f38c26c92833a0d977c441/src/main/java/com/otectus/arsnspells/mixin/ars/MixinSpellResolverMana.java
forge,src/main/java/com/otectus/arsnspells/mixin/ars/MixinSpellResolverPreCast.java,10546,e1f3d830b93eb1875b24a12762c9130f2fe19a64450453db7b2e63d47ff6e04b,https://github.com/otectus/ars-n-spells/blob/2578bad5d820fc2de9f38c26c92833a0d977c441/src/main/java/com/otectus/arsnspells/mixin/ars/MixinSpellResolverPreCast.java
forge,src/main/java/com/otectus/arsnspells/mixin/ArsNSpellsMixinPlugin.java,6207,f6a7dfeefbecbd32e3a283637d06c6c84aa109f8d4cb3d0c46dc7f971fe79e6b,https://github.com/otectus/ars-n-spells/blob/2578bad5d820fc2de9f38c26c92833a0d977c441/src/main/java/com/otectus/arsnspells/mixin/ArsNSpellsMixinPlugin.java
forge,src/main/java/com/otectus/arsnspells/mixin/covenant/MixinResourceBarOverlay.java,4480,77ea7c7d1208af0d9a8bb5320724b8a362dae20b05b3dfcd080ade1303227315,https://github.com/otectus/ars-n-spells/blob/2578bad5d820fc2de9f38c26c92833a0d977c441/src/main/java/com/otectus/arsnspells/mixin/covenant/MixinResourceBarOverlay.java
forge,src/main/java/com/otectus/arsnspells/mixin/irons/MagicDataAccessor.java,717,40047d5d2076640ba2cd60f6a164ac5f0158bb74d5f3f07bc099e7b7be2e16be,https://github.com/otectus/ars-n-spells/blob/2578bad5d820fc2de9f38c26c92833a0d977c441/src/main/java/com/otectus/arsnspells/mixin/irons/MagicDataAccessor.java
forge,src/main/java/com/otectus/arsnspells/mixin/irons/MixinAbstractSpellArsIcon.java,4618,a1b14a1844c1b609aa8e4cdf50bdbb4861f06b5c01bb4fc4730314948396e25c,https://github.com/otectus/ars-n-spells/blob/2578bad5d820fc2de9f38c26c92833a0d977c441/src/main/java/com/otectus/arsnspells/mixin/irons/MixinAbstractSpellArsIcon.java
forge,src/main/java/com/otectus/arsnspells/mixin/irons/MixinInscriptionTableMenu.java,4750,3f38ac5e52056b5af098f8fbe96e6f789a28652c5c7f0241033bec01e8136cee,https://github.com/otectus/ars-n-spells/blob/2578bad5d820fc2de9f38c26c92833a0d977c441/src/main/java/com/otectus/arsnspells/mixin/irons/MixinInscriptionTableMenu.java
forge,src/main/java/com/otectus/arsnspells/mixin/irons/MixinInscriptionTableScreen.java,4252,0bb899feecb7e7087a4abda263c7a2cdd429d11e518a5b2423c0797816877b8a,https://github.com/otectus/ars-n-spells/blob/2578bad5d820fc2de9f38c26c92833a0d977c441/src/main/java/com/otectus/arsnspells/mixin/irons/MixinInscriptionTableScreen.java
forge,src/main/java/com/otectus/arsnspells/mixin/irons/MixinIronsCastValidation.java,9270,5f5dce564f856b5ee70f79b026e49e10822bf6ed1d4bf65010c4c3e808f4dc78,https://github.com/otectus/ars-n-spells/blob/2578bad5d820fc2de9f38c26c92833a0d977c441/src/main/java/com/otectus/arsnspells/mixin/irons/MixinIronsCastValidation.java
forge,src/main/java/com/otectus/arsnspells/mixin/irons/MixinIronsMagicDataMana.java,5391,2ccc85719d8903a8de2fae51e5b8ba503ea015cabd164d8ad71787213bb490b9,https://github.com/otectus/ars-n-spells/blob/2578bad5d820fc2de9f38c26c92833a0d977c441/src/main/java/com/otectus/arsnspells/mixin/irons/MixinIronsMagicDataMana.java
forge,src/main/java/com/otectus/arsnspells/mixin/irons/MixinIronsSpellDamage.java,2439,d1482202d45fe0a2ab1eccbdbdd294a8c2a3a96e591e9dbc25f68acca9291d86,https://github.com/otectus/ars-n-spells/blob/2578bad5d820fc2de9f38c26c92833a0d977c441/src/main/java/com/otectus/arsnspells/mixin/irons/MixinIronsSpellDamage.java
forge,src/main/java/com/otectus/arsnspells/mixin/irons/MixinScrollItem.java,14638,9853133b684567559ea8a8dc555ac8709a577434319a5773cb92ffd2a3bfe918,https://github.com/otectus/ars-n-spells/blob/2578bad5d820fc2de9f38c26c92833a0d977c441/src/main/java/com/otectus/arsnspells/mixin/irons/MixinScrollItem.java
forge,src/main/java/com/otectus/arsnspells/mixin/sanctified/MixinSanctifiedAbstractSpell.java,3071,122ad516f1a31f1a7f64bb758a9c8bed6e01ce91410468c121736089a82b7ae5,https://github.com/otectus/ars-n-spells/blob/2578bad5d820fc2de9f38c26c92833a0d977c441/src/main/java/com/otectus/arsnspells/mixin/sanctified/MixinSanctifiedAbstractSpell.java
forge,src/main/java/com/otectus/arsnspells/network/AffinitySyncPacket.java,1653,92f4e0b71c7031da0e00fc69e07f154a449229a2e16569a5d56edf6af5ca0cd3,https://github.com/otectus/ars-n-spells/blob/2578bad5d820fc2de9f38c26c92833a0d977c441/src/main/java/com/otectus/arsnspells/network/AffinitySyncPacket.java
forge,src/main/java/com/otectus/arsnspells/network/CooldownSyncPacket.java,2286,be8025c4611058348d1f0731d11882d7eb172abd2a37337989ed2c4021a0adfd,https://github.com/otectus/ars-n-spells/blob/2578bad5d820fc2de9f38c26c92833a0d977c441/src/main/java/com/otectus/arsnspells/network/CooldownSyncPacket.java
forge,src/main/java/com/otectus/arsnspells/network/CrossCastRequestPacket.java,3389,7e85606eedc0a225b884d05ddc0e447dc521936ffafb6942ee1b8da444512274,https://github.com/otectus/ars-n-spells/blob/2578bad5d820fc2de9f38c26c92833a0d977c441/src/main/java/com/otectus/arsnspells/network/CrossCastRequestPacket.java
forge,src/main/java/com/otectus/arsnspells/network/PacketHandler.java,3968,d3d4f618e5f08622a9c15076b5c544acad8aa14544d484cc362602184bda25ed,https://github.com/otectus/ars-n-spells/blob/2578bad5d820fc2de9f38c26c92833a0d977c441/src/main/java/com/otectus/arsnspells/network/PacketHandler.java
forge,src/main/java/com/otectus/arsnspells/network/ResonanceSyncPacket.java,1826,4a362ff99c051bfe1cbac0a8ec566448b54374adced9f9dd194bbce6f610aedb,https://github.com/otectus/ars-n-spells/blob/2578bad5d820fc2de9f38c26c92833a0d977c441/src/main/java/com/otectus/arsnspells/network/ResonanceSyncPacket.java
forge,src/main/java/com/otectus/arsnspells/network/SpellLoomExportPacket.java,5434,7e263cf52f0ee0ab1204800fac83dcc3b3e416ab1d127bd80377bbdce98f432e,https://github.com/otectus/ars-n-spells/blob/2578bad5d820fc2de9f38c26c92833a0d977c441/src/main/java/com/otectus/arsnspells/network/SpellLoomExportPacket.java
forge,src/main/java/com/otectus/arsnspells/progression/ProgressionAttributes.java,2256,0d682d3ad91b1bbfea1cf4ef2eb727032c2a46ccaf7042e97d538ffabc8a4791,https://github.com/otectus/ars-n-spells/blob/2578bad5d820fc2de9f38c26c92833a0d977c441/src/main/java/com/otectus/arsnspells/progression/ProgressionAttributes.java
forge,src/main/java/com/otectus/arsnspells/registry/ModBlockEntities.java,1059,96013a61f0ddd1a4b5b45487e0d0353fd4282acad6fde0db044f4ae3a64637ad,https://github.com/otectus/ars-n-spells/blob/2578bad5d820fc2de9f38c26c92833a0d977c441/src/main/java/com/otectus/arsnspells/registry/ModBlockEntities.java
forge,src/main/java/com/otectus/arsnspells/registry/ModBlocksRegistry.java,1911,3bcf604d55d315c62bd81fc8fc93f73729978c3ddc37dbf254073d7695c7fd39,https://github.com/otectus/ars-n-spells/blob/2578bad5d820fc2de9f38c26c92833a0d977c441/src/main/java/com/otectus/arsnspells/registry/ModBlocksRegistry.java
forge,src/main/java/com/otectus/arsnspells/registry/ModCreativeTabs.java,7691,015a753abd3992bb235318786f4d047d4d68aa0baa1b11f1fbb1f9f42052c086,https://github.com/otectus/ars-n-spells/blob/2578bad5d820fc2de9f38c26c92833a0d977c441/src/main/java/com/otectus/arsnspells/registry/ModCreativeTabs.java
forge,src/main/java/com/otectus/arsnspells/registry/ModItemsRegistry.java,4925,c068112e72ecb6a1338304171932b71e295756830d9a788c8340c4ed3340a585,https://github.com/otectus/ars-n-spells/blob/2578bad5d820fc2de9f38c26c92833a0d977c441/src/main/java/com/otectus/arsnspells/registry/ModItemsRegistry.java
forge,src/main/java/com/otectus/arsnspells/registry/ModMenus.java,947,7798eb0ba2b8a94ec0032941b72839f074db6ed5793f7d1d3b123747207f9b60,https://github.com/otectus/ars-n-spells/blob/2578bad5d820fc2de9f38c26c92833a0d977c441/src/main/java/com/otectus/arsnspells/registry/ModMenus.java
forge,src/main/java/com/otectus/arsnspells/registry/ModTags.java,2473,3326a47cbd762c9beb2796b6421d7e9364820bad3190387e2448789c8c18e5fb,https://github.com/otectus/ars-n-spells/blob/2578bad5d820fc2de9f38c26c92833a0d977c441/src/main/java/com/otectus/arsnspells/registry/ModTags.java
forge,src/main/java/com/otectus/arsnspells/rituals/AnsRitual.java,5345,48eb196461bfc8509dabb403dfa8ecef670c940a2077d9f056fca0ac4a0d3707,https://github.com/otectus/ars-n-spells/blob/2578bad5d820fc2de9f38c26c92833a0d977c441/src/main/java/com/otectus/arsnspells/rituals/AnsRitual.java
forge,src/main/java/com/otectus/arsnspells/rituals/InscriptionInputs.java,6378,1b539c2c27ec1d21095938c0bf5c37553eade2e21c533e8b513ba165cec0d088,https://github.com/otectus/ars-n-spells/blob/2578bad5d820fc2de9f38c26c92833a0d977c441/src/main/java/com/otectus/arsnspells/rituals/InscriptionInputs.java
forge,src/main/java/com/otectus/arsnspells/rituals/InscriptionSource.java,1470,7e694567bfe4ed6e55e2803da57f96b73993dd4ca1bf8c7044c155f439eeef75,https://github.com/otectus/ars-n-spells/blob/2578bad5d820fc2de9f38c26c92833a0d977c441/src/main/java/com/otectus/arsnspells/rituals/InscriptionSource.java
forge,src/main/java/com/otectus/arsnspells/rituals/IronsInscriptionReader.java,3073,535e4efd8df51294b60b4da3396f04e9f665e022305f320cb1f13776f6c17f49,https://github.com/otectus/ars-n-spells/blob/2578bad5d820fc2de9f38c26c92833a0d977c441/src/main/java/com/otectus/arsnspells/rituals/IronsInscriptionReader.java
forge,src/main/java/com/otectus/arsnspells/rituals/ManaInfusionRitual.java,1888,0fa9cabdfeb9aafec72e2004ebb6695555745a981c055ac088fedd979c616f4c,https://github.com/otectus/ars-n-spells/blob/2578bad5d820fc2de9f38c26c92833a0d977c441/src/main/java/com/otectus/arsnspells/rituals/ManaInfusionRitual.java
forge,src/main/java/com/otectus/arsnspells/rituals/ManaWellRitual.java,1431,8ff0b0c19e9351402edb4080cd42086a3bfb39ec60660c9e4625965e34f7425f,https://github.com/otectus/ars-n-spells/blob/2578bad5d820fc2de9f38c26c92833a0d977c441/src/main/java/com/otectus/arsnspells/rituals/ManaWellRitual.java
forge,src/main/java/com/otectus/arsnspells/rituals/RitualFeedback.java,4021,7e38e0807ca154d9c66f95691806e278b58520982ec610ef6a64933621aefc55,https://github.com/otectus/ars-n-spells/blob/2578bad5d820fc2de9f38c26c92833a0d977c441/src/main/java/com/otectus/arsnspells/rituals/RitualFeedback.java
forge,src/main/java/com/otectus/arsnspells/rituals/RitualRegistryHandler.java,3316,fd0005d04d4a1d177ede26d1a9857de2f74b377283a921685193d89b08bd7d0a,https://github.com/otectus/ars-n-spells/blob/2578bad5d820fc2de9f38c26c92833a0d977c441/src/main/java/com/otectus/arsnspells/rituals/RitualRegistryHandler.java
forge,src/main/java/com/otectus/arsnspells/rituals/SpellbookBindingInputs.java,2533,e58335570348ade3783a749fce4aab5408465abf2648f31f25f00f178cc24598,https://github.com/otectus/ars-n-spells/blob/2578bad5d820fc2de9f38c26c92833a0d977c441/src/main/java/com/otectus/arsnspells/rituals/SpellbookBindingInputs.java
forge,src/main/java/com/otectus/arsnspells/rituals/SpellbookBindingRitual.java,9484,e309f2272785c3c5873387e8f90baa3b8629acf14444e6dc55fef7f360586764,https://github.com/otectus/ars-n-spells/blob/2578bad5d820fc2de9f38c26c92833a0d977c441/src/main/java/com/otectus/arsnspells/rituals/SpellbookBindingRitual.java
forge,src/main/java/com/otectus/arsnspells/rituals/SpellTranscriptionRitual.java,6679,63eafa9ea70e5490ed3021ed1dd961bbcea1afdb0964a8ce40310035de4aa12a,https://github.com/otectus/ars-n-spells/blob/2578bad5d820fc2de9f38c26c92833a0d977c441/src/main/java/com/otectus/arsnspells/rituals/SpellTranscriptionRitual.java
forge,src/main/java/com/otectus/arsnspells/rituals/SpellUninscriptionRitual.java,5478,e3e2dbf118601a9e7b698a91c831b63c94e1e582dd597298efb70720bdbbe984,https://github.com/otectus/ars-n-spells/blob/2578bad5d820fc2de9f38c26c92833a0d977c441/src/main/java/com/otectus/arsnspells/rituals/SpellUninscriptionRitual.java
forge,src/main/java/com/otectus/arsnspells/spell/ArsSerializedSpellDescriptor.java,2388,13f2069aea78abda733530be7aadd2fe04519a050ce455df8a52dd9e19b61b23,https://github.com/otectus/ars-n-spells/blob/2578bad5d820fc2de9f38c26c92833a0d977c441/src/main/java/com/otectus/arsnspells/spell/ArsSerializedSpellDescriptor.java
forge,src/main/java/com/otectus/arsnspells/spell/ArsSpellExportUtil.java,7168,35388657e4dd367653cedf52308c905be98ed3192a7785d903d75f8441134430,https://github.com/otectus/ars-n-spells/blob/2578bad5d820fc2de9f38c26c92833a0d977c441/src/main/java/com/otectus/arsnspells/spell/ArsSpellExportUtil.java
forge,src/main/java/com/otectus/arsnspells/spell/CastValidationScope.java,9641,335335857dd115ddd78bb649ff078d45ed1574962f4c5f146ea16551cb16fa29,https://github.com/otectus/ars-n-spells/blob/2578bad5d820fc2de9f38c26c92833a0d977c441/src/main/java/com/otectus/arsnspells/spell/CastValidationScope.java
forge,src/main/java/com/otectus/arsnspells/spell/CrossCastContext.java,8076,247193d8918f142b4a762cfb36145a67aa5de0dd4dca102b8544dd4ef0863f3c,https://github.com/otectus/ars-n-spells/blob/2578bad5d820fc2de9f38c26c92833a0d977c441/src/main/java/com/otectus/arsnspells/spell/CrossCastContext.java
forge,src/main/java/com/otectus/arsnspells/spell/CrossCastingHandler.java,29505,7b4f3862bc43799f5f4fb3fe9adb7a340cb2448502dda1a1c9aa375a64ad4327,https://github.com/otectus/ars-n-spells/blob/2578bad5d820fc2de9f38c26c92833a0d977c441/src/main/java/com/otectus/arsnspells/spell/CrossCastingHandler.java
forge,src/main/java/com/otectus/arsnspells/spell/CrossCastIronsHandler.java,5878,264f4efd509f03a3bd4b6b13d595c775a39572944f3a2f0358e9ce21e46aae0f,https://github.com/otectus/ars-n-spells/blob/2578bad5d820fc2de9f38c26c92833a0d977c441/src/main/java/com/otectus/arsnspells/spell/CrossCastIronsHandler.java
forge,src/main/java/com/otectus/arsnspells/spell/CrossCastNbt.java,16424,0a9fe975d887d8af7e62e66ef4a11381d1a54e4af8a98c876268d4e76793a3c9,https://github.com/otectus/ars-n-spells/blob/2578bad5d820fc2de9f38c26c92833a0d977c441/src/main/java/com/otectus/arsnspells/spell/CrossCastNbt.java
forge,src/main/java/com/otectus/arsnspells/spell/CrossCastValidator.java,6081,feae9c205bc551551e3975db120fe0efb8d49ab13af62e8dcb908eef00b134ea,https://github.com/otectus/ars-n-spells/blob/2578bad5d820fc2de9f38c26c92833a0d977c441/src/main/java/com/otectus/arsnspells/spell/CrossCastValidator.java
forge,src/main/java/com/otectus/arsnspells/spell/CrossSpellType.java,114,0293291282c591a01405cb9ab8b5ad541820ec717a1d0747397c87f0b521e285,https://github.com/otectus/ars-n-spells/blob/2578bad5d820fc2de9f38c26c92833a0d977c441/src/main/java/com/otectus/arsnspells/spell/CrossSpellType.java
forge,src/main/java/com/otectus/arsnspells/spell/irons/ArsCrossProxyHiding.java,5838,233de104013af9d94b9e52ace8fc544b050ce92b56401d55d6b34ba419d7515e,https://github.com/otectus/ars-n-spells/blob/2578bad5d820fc2de9f38c26c92833a0d977c441/src/main/java/com/otectus/arsnspells/spell/irons/ArsCrossProxyHiding.java
forge,src/main/java/com/otectus/arsnspells/spell/irons/ArsCrossProxyRegistry.java,5104,a15b9a3252284d141ab4bac03da02bc5b68cdfc52f76acdda1d66bfefc3bfa16,https://github.com/otectus/ars-n-spells/blob/2578bad5d820fc2de9f38c26c92833a0d977c441/src/main/java/com/otectus/arsnspells/spell/irons/ArsCrossProxyRegistry.java
forge,src/main/java/com/otectus/arsnspells/spell/irons/ArsCrossProxySpell.java,13005,024284c161fd2cc17645c67ebe5241e975632193a8bea912a1edbe6f7b9c089e,https://github.com/otectus/ars-n-spells/blob/2578bad5d820fc2de9f38c26c92833a0d977c441/src/main/java/com/otectus/arsnspells/spell/irons/ArsCrossProxySpell.java
forge,src/main/java/com/otectus/arsnspells/spell/irons/CarrierReconciler.java,6131,cf8477603826e64b37ce4346fa53e8eddb838a9accd0910c4c2f6f0ff9af1679,https://github.com/otectus/ars-n-spells/blob/2578bad5d820fc2de9f38c26c92833a0d977c441/src/main/java/com/otectus/arsnspells/spell/irons/CarrierReconciler.java
forge,src/main/java/com/otectus/arsnspells/spell/irons/IronsInscriptionPolicy.java,3969,dca3fa30bf755aba20af4a100a68be5b91b4d3448568dc8e914b39ca2631c517,https://github.com/otectus/ars-n-spells/blob/2578bad5d820fc2de9f38c26c92833a0d977c441/src/main/java/com/otectus/arsnspells/spell/irons/IronsInscriptionPolicy.java
forge,src/main/java/com/otectus/arsnspells/spell/irons/IronsProxySlotWriter.java,3250,e627778b5ae897579269a5192226a54832eba96b4bcbe433c65382bf7ef004b6,https://github.com/otectus/ars-n-spells/blob/2578bad5d820fc2de9f38c26c92833a0d977c441/src/main/java/com/otectus/arsnspells/spell/irons/IronsProxySlotWriter.java
forge,src/main/java/com/otectus/arsnspells/spell/irons/IronsScrollFactory.java,5242,bfea0482f92434870391a0f692abd0c85f1c85a0a45b9d49941b5dba4d0f498e,https://github.com/otectus/ars-n-spells/blob/2578bad5d820fc2de9f38c26c92833a0d977c441/src/main/java/com/otectus/arsnspells/spell/irons/IronsScrollFactory.java
forge,src/main/java/com/otectus/arsnspells/spell/IronsBookBindingUtil.java,15932,544dc4ddf6512a5283f5dd921f5dc342ede1f3f11263b6b5bc7ae9e4759c4196,https://github.com/otectus/ars-n-spells/blob/2578bad5d820fc2de9f38c26c92833a0d977c441/src/main/java/com/otectus/arsnspells/spell/IronsBookBindingUtil.java
forge,src/main/java/com/otectus/arsnspells/spell/IronsRegistrySpellDescriptor.java,3239,969b5d4441b6aa73efefbdcc14a7e17a3540e0e88ef9ba8f36391df1f748f6b4,https://github.com/otectus/ars-n-spells/blob/2578bad5d820fc2de9f38c26c92833a0d977c441/src/main/java/com/otectus/arsnspells/spell/IronsRegistrySpellDescriptor.java
forge,src/main/java/com/otectus/arsnspells/spell/SpellDescriptor.java,3294,dbf4fe05220db24522c24aaca48427a355ddd1c00aa0458867b4d14a442eb817,https://github.com/otectus/ars-n-spells/blob/2578bad5d820fc2de9f38c26c92833a0d977c441/src/main/java/com/otectus/arsnspells/spell/SpellDescriptor.java
forge,src/main/java/com/otectus/arsnspells/util/AdvancementUtil.java,1599,39b59812f8ce92cf7751038dcf878a88d4b4fa8a046bea3784c414cecb64d98a,https://github.com/otectus/ars-n-spells/blob/2578bad5d820fc2de9f38c26c92833a0d977c441/src/main/java/com/otectus/arsnspells/util/AdvancementUtil.java
forge,src/main/java/com/otectus/arsnspells/util/ArsSpellIntegrity.java,3913,fa3aceeb4272a4ced75922c45385b026f6dcc1edb55406790bb421b863f4e0e2,https://github.com/otectus/ars-n-spells/blob/2578bad5d820fc2de9f38c26c92833a0d977c441/src/main/java/com/otectus/arsnspells/util/ArsSpellIntegrity.java
forge,src/main/java/com/otectus/arsnspells/util/ChunkScanUtil.java,1926,246f99708e50db26e3a8ae8c75daae4b0a370b2508864be3e6319139cac39b27,https://github.com/otectus/ars-n-spells/blob/2578bad5d820fc2de9f38c26c92833a0d977c441/src/main/java/com/otectus/arsnspells/util/ChunkScanUtil.java
forge,src/main/java/com/otectus/arsnspells/util/CrossCastTrace.java,3215,4e86d5b05411d0f42bde30ae4bfbfb4c8c02b6613c594b98e3f4f244bab0bd7d,https://github.com/otectus/ars-n-spells/blob/2578bad5d820fc2de9f38c26c92833a0d977c441/src/main/java/com/otectus/arsnspells/util/CrossCastTrace.java
forge,src/main/java/com/otectus/arsnspells/util/LogThrottle.java,2612,d7abc5becf34b586f5b42161c7a10d691581f8037a339711bcb59b9a464b36b3,https://github.com/otectus/ars-n-spells/blob/2578bad5d820fc2de9f38c26c92833a0d977c441/src/main/java/com/otectus/arsnspells/util/LogThrottle.java
forge,src/main/java/com/otectus/arsnspells/util/ManaUtil.java,673,088af79d7a2db1c665a7e3b23448ce5cb9ed5d24d6d0667978520cefd1042084,https://github.com/otectus/ars-n-spells/blob/2578bad5d820fc2de9f38c26c92833a0d977c441/src/main/java/com/otectus/arsnspells/util/ManaUtil.java
forge,src/main/java/com/otectus/arsnspells/util/SchoolMappings.java,6884,1c746f41b58ce6cc5b336a454f3b3708296fa3745e855de74dcbaf86c438ba5f,https://github.com/otectus/ars-n-spells/blob/2578bad5d820fc2de9f38c26c92833a0d977c441/src/main/java/com/otectus/arsnspells/util/SchoolMappings.java
forge,src/main/java/com/otectus/arsnspells/util/SchoolResolver.java,11961,050d1743592665c2f7d27be1a1d9c4b940601726615f0d25f9ef46b12665ffd7,https://github.com/otectus/ars-n-spells/blob/2578bad5d820fc2de9f38c26c92833a0d977c441/src/main/java/com/otectus/arsnspells/util/SchoolResolver.java
forge,src/main/java/com/otectus/arsnspells/util/SpellAnalysis.java,9003,64b865c4e48eac9c06a0f8835a55a0752f399c1463f13470f6c164da47a31042,https://github.com/otectus/ars-n-spells/blob/2578bad5d820fc2de9f38c26c92833a0d977c441/src/main/java/com/otectus/arsnspells/util/SpellAnalysis.java
forge,src/main/java/com/otectus/arsnspells/util/SpellScalingUtil.java,5088,565b9c638a9c90777e0b8973615f4e406c6c39f45c0483184d105914adc8e5e1,https://github.com/otectus/ars-n-spells/blob/2578bad5d820fc2de9f38c26c92833a0d977c441/src/main/java/com/otectus/arsnspells/util/SpellScalingUtil.java
forge,src/main/java/com/otectus/arsnspells/util/SpellSchoolId.java,2611,cdee6c546718680ffcdf2907e73a2310d0e213f11a0552bd01991f5802c5f61c,https://github.com/otectus/ars-n-spells/blob/2578bad5d820fc2de9f38c26c92833a0d977c441/src/main/java/com/otectus/arsnspells/util/SpellSchoolId.java
forge,src/main/java/com/otectus/arsnspells/util/StartupValidator.java,6253,183703c83c575d563f27535ea5f8d5860fbae89d506713926137f820e0c16bcc,https://github.com/otectus/ars-n-spells/blob/2578bad5d820fc2de9f38c26c92833a0d977c441/src/main/java/com/otectus/arsnspells/util/StartupValidator.java
forge,src/main/resources/ars_n_spells.compat.mixins.json,750,4924072315f1651fec53c99cc2d1878a515ef7d4b7d24c7064a5566361094542,https://github.com/otectus/ars-n-spells/blob/2578bad5d820fc2de9f38c26c92833a0d977c441/src/main/resources/ars_n_spells.compat.mixins.json
forge,src/main/resources/ars_n_spells.mixins.json,414,76c9d7e97bc76273b140d4ab68211a1e05a626b64f006dec443f6e566123173f,https://github.com/otectus/ars-n-spells/blob/2578bad5d820fc2de9f38c26c92833a0d977c441/src/main/resources/ars_n_spells.mixins.json
forge,src/main/resources/assets/ars_n_spells/blockstates/spell_loom.json,82,4ba9b3bd7af2dacd4b0ceddb3d239d4aabe1b100e90edd7b5e1e29c26b15db37,https://github.com/otectus/ars-n-spells/blob/2578bad5d820fc2de9f38c26c92833a0d977c441/src/main/resources/assets/ars_n_spells/blockstates/spell_loom.json
forge,src/main/resources/assets/ars_n_spells/lang/en_us.json,18368,b5e6bd4edc2cef800581bde139a15052345f2ac1baf2e00000f90371cc77d659,https://github.com/otectus/ars-n-spells/blob/2578bad5d820fc2de9f38c26c92833a0d977c441/src/main/resources/assets/ars_n_spells/lang/en_us.json
forge,src/main/resources/assets/ars_n_spells/models/block/spell_loom.json,285,e7bce0812ace51435a1d12b4481d75312a32c9efc4a80d818947303cbc211295,https://github.com/otectus/ars-n-spells/blob/2578bad5d820fc2de9f38c26c92833a0d977c441/src/main/resources/assets/ars_n_spells/models/block/spell_loom.json
forge,src/main/resources/assets/ars_n_spells/models/item/mana_infusion.json,118,bc59fe716f5c2dbcd06537a3fd9821d4aa6ff68a18a20c74c7ffb7872317dff7,https://github.com/otectus/ars-n-spells/blob/2578bad5d820fc2de9f38c26c92833a0d977c441/src/main/resources/assets/ars_n_spells/models/item/mana_infusion.json
forge,src/main/resources/assets/ars_n_spells/models/item/mana_well.json,114,7744a2d37b4aa41b62789bfec0219e11d8238589df8300fb4849baac9e791d9b,https://github.com/otectus/ars-n-spells/blob/2578bad5d820fc2de9f38c26c92833a0d977c441/src/main/resources/assets/ars_n_spells/models/item/mana_well.json
forge,src/main/resources/assets/ars_n_spells/models/item/spell_loom.json,51,03628b6cb5810cc1db3391b276b4a35730e9f5ab267076b65326e98a61249772,https://github.com/otectus/ars-n-spells/blob/2578bad5d820fc2de9f38c26c92833a0d977c441/src/main/resources/assets/ars_n_spells/models/item/spell_loom.json
forge,src/main/resources/assets/ars_n_spells/models/item/spell_transcription.json,124,6acead6af6223039cd45235f594b9a45766917de74d22e7b96c8c84013d344ff,https://github.com/otectus/ars-n-spells/blob/2578bad5d820fc2de9f38c26c92833a0d977c441/src/main/resources/assets/ars_n_spells/models/item/spell_transcription.json
forge,src/main/resources/assets/ars_n_spells/models/item/spell_uninscription.json,124,672c39752a3c2e19147dad81a72125e93b234658eb7075eea7c4b6304c394e2b,https://github.com/otectus/ars-n-spells/blob/2578bad5d820fc2de9f38c26c92833a0d977c441/src/main/resources/assets/ars_n_spells/models/item/spell_uninscription.json
forge,src/main/resources/assets/ars_n_spells/models/item/spellbook_binding.json,122,4b71466078b4f45bbcf0ed939037eb1ddeea574711097e0a181c1c4d959d2ff6,https://github.com/otectus/ars-n-spells/blob/2578bad5d820fc2de9f38c26c92833a0d977c441/src/main/resources/assets/ars_n_spells/models/item/spellbook_binding.json
forge,src/main/resources/assets/ars_n_spells/textures/block/spell_loom_bottom.png,132,18747b8292741791e4cba7a953bdbbb25bc8ed404dbf70ade7dbf81efb38bd88,https://github.com/otectus/ars-n-spells/blob/2578bad5d820fc2de9f38c26c92833a0d977c441/src/main/resources/assets/ars_n_spells/textures/block/spell_loom_bottom.png
forge,src/main/resources/assets/ars_n_spells/textures/block/spell_loom_side.png,259,a03c9e864c9617267a7cd7344e98582c4c033d809d885a09412aebdac4bcb1e5,https://github.com/otectus/ars-n-spells/blob/2578bad5d820fc2de9f38c26c92833a0d977c441/src/main/resources/assets/ars_n_spells/textures/block/spell_loom_side.png
forge,src/main/resources/assets/ars_n_spells/textures/block/spell_loom_top.png,233,619907ed032e66387c046a4a1793523dd8906ca66dfa5578b63fe49cce0ce19a,https://github.com/otectus/ars-n-spells/blob/2578bad5d820fc2de9f38c26c92833a0d977c441/src/main/resources/assets/ars_n_spells/textures/block/spell_loom_top.png
forge,src/main/resources/assets/ars_n_spells/textures/gui/icons/spell/ars_cross_default.png,96,50d911c8ebdf037c7dc6fb08ed668794f7b09d8fc1d8aa2bb966398f62d076e2,https://github.com/otectus/ars-n-spells/blob/2578bad5d820fc2de9f38c26c92833a0d977c441/src/main/resources/assets/ars_n_spells/textures/gui/icons/spell/ars_cross_default.png
forge,src/main/resources/assets/ars_n_spells/textures/gui/icons/spell/icon_bolt.png,178,5dbe7559420a3cdce05357137be23bbb47e3b3c35470ec1f8ad3e3b42395a1fa,https://github.com/otectus/ars-n-spells/blob/2578bad5d820fc2de9f38c26c92833a0d977c441/src/main/resources/assets/ars_n_spells/textures/gui/icons/spell/icon_bolt.png
forge,src/main/resources/assets/ars_n_spells/textures/gui/icons/spell/icon_drop.png,170,67e493031ba77cd03197aaf10aef9cc660a7661985f05e7e78dd9ca9e7afbf6d,https://github.com/otectus/ars-n-spells/blob/2578bad5d820fc2de9f38c26c92833a0d977c441/src/main/resources/assets/ars_n_spells/textures/gui/icons/spell/icon_drop.png
forge,src/main/resources/assets/ars_n_spells/textures/gui/icons/spell/icon_eye.png,173,53cbcda375fdabf85a79023f97de0a474ba0ee3dc27f562fb909c07e77528b8f,https://github.com/otectus/ars-n-spells/blob/2578bad5d820fc2de9f38c26c92833a0d977c441/src/main/resources/assets/ars_n_spells/textures/gui/icons/spell/icon_eye.png
forge,src/main/resources/assets/ars_n_spells/textures/gui/icons/spell/icon_flame.png,169,3a6d5b215c4829a09d2918b0559b43e5be0829a1ba830826979ca45c6ca2481a,https://github.com/otectus/ars-n-spells/blob/2578bad5d820fc2de9f38c26c92833a0d977c441/src/main/resources/assets/ars_n_spells/textures/gui/icons/spell/icon_flame.png
forge,src/main/resources/assets/ars_n_spells/textures/gui/icons/spell/icon_leaf.png,179,11abbe1d68757ea8a44db8c4cf71ce4f4184dfcb2e7f3e37ccfd3ac34bd87de4,https://github.com/otectus/ars-n-spells/blob/2578bad5d820fc2de9f38c26c92833a0d977c441/src/main/resources/assets/ars_n_spells/textures/gui/icons/spell/icon_leaf.png
forge,src/main/resources/assets/ars_n_spells/textures/gui/icons/spell/icon_moon.png,190,c051049e80884a1952096a267776803a1e648b49d834af9d619934df8acfc0b0,https://github.com/otectus/ars-n-spells/blob/2578bad5d820fc2de9f38c26c92833a0d977c441/src/main/resources/assets/ars_n_spells/textures/gui/icons/spell/icon_moon.png
forge,src/main/resources/assets/ars_n_spells/textures/gui/icons/spell/icon_spark.png,195,2a31d84242895758a7268d87f7f330ca5b7f3c0067e653c631787eb3fd5a4002,https://github.com/otectus/ars-n-spells/blob/2578bad5d820fc2de9f38c26c92833a0d977c441/src/main/resources/assets/ars_n_spells/textures/gui/icons/spell/icon_spark.png
forge,src/main/resources/assets/ars_n_spells/textures/gui/icons/spell/icon_star.png,219,68e517733a99cb9f6a290a6c921ebde6caf1e199b48ce73895b6e57dba077184,https://github.com/otectus/ars-n-spells/blob/2578bad5d820fc2de9f38c26c92833a0d977c441/src/main/resources/assets/ars_n_spells/textures/gui/icons/spell/icon_star.png
forge,src/main/resources/assets/ars_n_spells/textures/gui/icons/spell/nature_arcane.png,96,50d911c8ebdf037c7dc6fb08ed668794f7b09d8fc1d8aa2bb966398f62d076e2,https://github.com/otectus/ars-n-spells/blob/2578bad5d820fc2de9f38c26c92833a0d977c441/src/main/resources/assets/ars_n_spells/textures/gui/icons/spell/nature_arcane.png
forge,src/main/resources/assets/ars_n_spells/textures/gui/icons/spell/nature_blood.png,97,0a4495140e8fedfa3d290a419c594faf178f5af8f2a3d0b1a1679a41ae7f8c1b,https://github.com/otectus/ars-n-spells/blob/2578bad5d820fc2de9f38c26c92833a0d977c441/src/main/resources/assets/ars_n_spells/textures/gui/icons/spell/nature_blood.png
forge,src/main/resources/assets/ars_n_spells/textures/gui/icons/spell/nature_ender.png,97,5529902cdbafa2a2666b996a3e943e5f547350c74921f4ffea4d1468dda05bec,https://github.com/otectus/ars-n-spells/blob/2578bad5d820fc2de9f38c26c92833a0d977c441/src/main/resources/assets/ars_n_spells/textures/gui/icons/spell/nature_ender.png
forge,src/main/resources/assets/ars_n_spells/textures/gui/icons/spell/nature_fire.png,96,076d7c6a942cc7618d5f51748d798ede2bb1b249c6e7d660c418987f2b9fa1fc,https://github.com/otectus/ars-n-spells/blob/2578bad5d820fc2de9f38c26c92833a0d977c441/src/main/resources/assets/ars_n_spells/textures/gui/icons/spell/nature_fire.png
forge,src/main/resources/assets/ars_n_spells/textures/gui/icons/spell/nature_holy.png,96,27434e6aeef4f77af44d7350856763b78285334c050cba97b77daf298795b646,https://github.com/otectus/ars-n-spells/blob/2578bad5d820fc2de9f38c26c92833a0d977c441/src/main/resources/assets/ars_n_spells/textures/gui/icons/spell/nature_holy.png
forge,src/main/resources/assets/ars_n_spells/textures/gui/icons/spell/nature_ice.png,96,f48166092fb49a64d795d881cbd677240a28cc5d6111977b1d1a9af5b50b564e,https://github.com/otectus/ars-n-spells/blob/2578bad5d820fc2de9f38c26c92833a0d977c441/src/main/resources/assets/ars_n_spells/textures/gui/icons/spell/nature_ice.png
forge,src/main/resources/assets/ars_n_spells/textures/gui/icons/spell/nature_lightning.png,96,012ed2e0001a96b74734cd73a1791d5cea0cdb86679b3a215b05cb2d956ed8cc,https://github.com/otectus/ars-n-spells/blob/2578bad5d820fc2de9f38c26c92833a0d977c441/src/main/resources/assets/ars_n_spells/textures/gui/icons/spell/nature_lightning.png
forge,src/main/resources/assets/ars_n_spells/textures/gui/icons/spell/nature_nature.png,97,59e544248a9386be2a6e7101382ac20d5dfdf8189a8dc23f4f3712eb723a4575,https://github.com/otectus/ars-n-spells/blob/2578bad5d820fc2de9f38c26c92833a0d977c441/src/main/resources/assets/ars_n_spells/textures/gui/icons/spell/nature_nature.png
forge,src/main/resources/assets/ars_n_spells/textures/gui/spell_icons/ars_cross_1.png,96,50d911c8ebdf037c7dc6fb08ed668794f7b09d8fc1d8aa2bb966398f62d076e2,https://github.com/otectus/ars-n-spells/blob/2578bad5d820fc2de9f38c26c92833a0d977c441/src/main/resources/assets/ars_n_spells/textures/gui/spell_icons/ars_cross_1.png
forge,src/main/resources/assets/ars_n_spells/textures/gui/spell_icons/ars_cross_2.png,96,50d911c8ebdf037c7dc6fb08ed668794f7b09d8fc1d8aa2bb966398f62d076e2,https://github.com/otectus/ars-n-spells/blob/2578bad5d820fc2de9f38c26c92833a0d977c441/src/main/resources/assets/ars_n_spells/textures/gui/spell_icons/ars_cross_2.png
forge,src/main/resources/assets/ars_n_spells/textures/gui/spell_icons/ars_cross_3.png,96,50d911c8ebdf037c7dc6fb08ed668794f7b09d8fc1d8aa2bb966398f62d076e2,https://github.com/otectus/ars-n-spells/blob/2578bad5d820fc2de9f38c26c92833a0d977c441/src/main/resources/assets/ars_n_spells/textures/gui/spell_icons/ars_cross_3.png
forge,src/main/resources/assets/ars_n_spells/textures/gui/spell_icons/ars_cross_4.png,96,50d911c8ebdf037c7dc6fb08ed668794f7b09d8fc1d8aa2bb966398f62d076e2,https://github.com/otectus/ars-n-spells/blob/2578bad5d820fc2de9f38c26c92833a0d977c441/src/main/resources/assets/ars_n_spells/textures/gui/spell_icons/ars_cross_4.png
forge,src/main/resources/assets/ars_n_spells/textures/gui/spell_icons/ars_cross_5.png,96,50d911c8ebdf037c7dc6fb08ed668794f7b09d8fc1d8aa2bb966398f62d076e2,https://github.com/otectus/ars-n-spells/blob/2578bad5d820fc2de9f38c26c92833a0d977c441/src/main/resources/assets/ars_n_spells/textures/gui/spell_icons/ars_cross_5.png
forge,src/main/resources/assets/ars_n_spells/textures/gui/spell_icons/ars_cross_6.png,96,50d911c8ebdf037c7dc6fb08ed668794f7b09d8fc1d8aa2bb966398f62d076e2,https://github.com/otectus/ars-n-spells/blob/2578bad5d820fc2de9f38c26c92833a0d977c441/src/main/resources/assets/ars_n_spells/textures/gui/spell_icons/ars_cross_6.png
forge,src/main/resources/assets/ars_n_spells/textures/gui/spell_icons/ars_cross_7.png,96,50d911c8ebdf037c7dc6fb08ed668794f7b09d8fc1d8aa2bb966398f62d076e2,https://github.com/otectus/ars-n-spells/blob/2578bad5d820fc2de9f38c26c92833a0d977c441/src/main/resources/assets/ars_n_spells/textures/gui/spell_icons/ars_cross_7.png
forge,src/main/resources/assets/ars_n_spells/textures/gui/spell_icons/ars_cross_8.png,96,50d911c8ebdf037c7dc6fb08ed668794f7b09d8fc1d8aa2bb966398f62d076e2,https://github.com/otectus/ars-n-spells/blob/2578bad5d820fc2de9f38c26c92833a0d977c441/src/main/resources/assets/ars_n_spells/textures/gui/spell_icons/ars_cross_8.png
forge,src/main/resources/assets/ars_n_spells/textures/item/mana_infusion.png,391,59ab4bdc73e0ceefb60769935f0fa4062fcf85f1e89c740640cd725e73f4206c,https://github.com/otectus/ars-n-spells/blob/2578bad5d820fc2de9f38c26c92833a0d977c441/src/main/resources/assets/ars_n_spells/textures/item/mana_infusion.png
forge,src/main/resources/assets/ars_n_spells/textures/item/mana_well.png,374,59d7950edc4e4b8d7a46e56c8c4814a8fc2bcfbc9f37ab16eda96a6ae5c80737,https://github.com/otectus/ars-n-spells/blob/2578bad5d820fc2de9f38c26c92833a0d977c441/src/main/resources/assets/ars_n_spells/textures/item/mana_well.png
forge,src/main/resources/assets/ars_n_spells/textures/item/spell_transcription.png,386,91ff345305c5fce2a9002d505ba949d1c2101896322278f62ef2fb6e48a6b2c5,https://github.com/otectus/ars-n-spells/blob/2578bad5d820fc2de9f38c26c92833a0d977c441/src/main/resources/assets/ars_n_spells/textures/item/spell_transcription.png
forge,src/main/resources/assets/ars_n_spells/textures/item/spell_uninscription.png,365,9b276efcd814f610a2b8505f3970e2ab4d7f2f5165c649ff480cca8c7976063c,https://github.com/otectus/ars-n-spells/blob/2578bad5d820fc2de9f38c26c92833a0d977c441/src/main/resources/assets/ars_n_spells/textures/item/spell_uninscription.png
forge,src/main/resources/assets/ars_n_spells/textures/item/spellbook_binding.png,392,cee19cfda925cb45fae5e0ba9d3299ee82627d9cc7c93600da074b3f9efaf048,https://github.com/otectus/ars-n-spells/blob/2578bad5d820fc2de9f38c26c92833a0d977c441/src/main/resources/assets/ars_n_spells/textures/item/spellbook_binding.png
forge,src/main/resources/data/ars_n_spells/advancements/bind_spell.json,503,06f65bcda74fa6532547912c0ae61e5dd5d92d36e9f252135df1cc3715a32569,https://github.com/otectus/ars-n-spells/blob/2578bad5d820fc2de9f38c26c92833a0d977c441/src/main/resources/data/ars_n_spells/advancements/bind_spell.json
forge,src/main/resources/data/ars_n_spells/advancements/craft_spell_loom.json,665,be1811fd4bdb0f280a645c46c1b437bafc812f0a2e3ab872cdb90d6c77593450,https://github.com/otectus/ars-n-spells/blob/2578bad5d820fc2de9f38c26c92833a0d977c441/src/main/resources/data/ars_n_spells/advancements/craft_spell_loom.json
forge,src/main/resources/data/ars_n_spells/advancements/first_cross_cast.json,526,600a0e9da241585d5bca05f3cb15b3d83ecd72eddbd4423a77fe5af1061778a7,https://github.com/otectus/ars-n-spells/blob/2578bad5d820fc2de9f38c26c92833a0d977c441/src/main/resources/data/ars_n_spells/advancements/first_cross_cast.json
forge,src/main/resources/data/ars_n_spells/advancements/recipes/misc/spell_loom.json,540,7b1b66f5446967f651d8761b4e13e87993e96a160933165dc3b6f5a30c2ad763,https://github.com/otectus/ars-n-spells/blob/2578bad5d820fc2de9f38c26c92833a0d977c441/src/main/resources/data/ars_n_spells/advancements/recipes/misc/spell_loom.json
forge,src/main/resources/data/ars_n_spells/advancements/transcribe_spell.json,525,357b44752d99ef1a5155b0631c348000460381c041404ee074b9a50644750fce,https://github.com/otectus/ars-n-spells/blob/2578bad5d820fc2de9f38c26c92833a0d977c441/src/main/resources/data/ars_n_spells/advancements/transcribe_spell.json
forge,src/main/resources/data/ars_n_spells/loot_tables/blocks/spell_loom.json,331,90d68390463962da84e185fc1a52211bce54626d2a928a7c8c30b1fd7226b4cc,https://github.com/otectus/ars-n-spells/blob/2578bad5d820fc2de9f38c26c92833a0d977c441/src/main/resources/data/ars_n_spells/loot_tables/blocks/spell_loom.json
forge,src/main/resources/data/ars_n_spells/recipes/apparatus/mana_infusion.json,885,f88a245bc9a8f6a7a1186884d940f4b1e567e655f300cd0c821ae49351eca6b2,https://github.com/otectus/ars-n-spells/blob/2578bad5d820fc2de9f38c26c92833a0d977c441/src/main/resources/data/ars_n_spells/recipes/apparatus/mana_infusion.json
forge,src/main/resources/data/ars_n_spells/recipes/apparatus/mana_well.json,881,1114b8636a6e3819b1da755b0a0ec8f5f3a3ea0e738b923c5dde2a98a6b039af,https://github.com/otectus/ars-n-spells/blob/2578bad5d820fc2de9f38c26c92833a0d977c441/src/main/resources/data/ars_n_spells/recipes/apparatus/mana_well.json
forge,src/main/resources/data/ars_n_spells/recipes/apparatus/spell_transcription.json,818,3a7ffcaafddcf20805c364bb8c8319354565781e3f5ce269f3d2cdea1d0339d4,https://github.com/otectus/ars-n-spells/blob/2578bad5d820fc2de9f38c26c92833a0d977c441/src/main/resources/data/ars_n_spells/recipes/apparatus/spell_transcription.json
forge,src/main/resources/data/ars_n_spells/recipes/apparatus/spell_uninscription.json,442,a1e38c1b8ab9185a803c09599dd8a38b0598ed17cbb508ab90391dcb1667389e,https://github.com/otectus/ars-n-spells/blob/2578bad5d820fc2de9f38c26c92833a0d977c441/src/main/resources/data/ars_n_spells/recipes/apparatus/spell_uninscription.json
forge,src/main/resources/data/ars_n_spells/recipes/apparatus/spellbook_binding.json,760,42a01dc11c43d10fe0c7e146cb331b6114b4a86975af9a3a3324d1d48733f2f9,https://github.com/otectus/ars-n-spells/blob/2578bad5d820fc2de9f38c26c92833a0d977c441/src/main/resources/data/ars_n_spells/recipes/apparatus/spellbook_binding.json
forge,src/main/resources/data/ars_n_spells/recipes/spell_loom.json,357,087103d15bc246416f18b8de3c5b68d16fb576caa3f36dbf46cebbd22113bf8d,https://github.com/otectus/ars-n-spells/blob/2578bad5d820fc2de9f38c26c92833a0d977c441/src/main/resources/data/ars_n_spells/recipes/spell_loom.json
forge,src/main/resources/data/ars_n_spells/tags/blocks/source_jars.json,175,93247b94357f1d374e45f4fcdd464dd7268da328ba57186c9409664a0a84bccc,https://github.com/otectus/ars-n-spells/blob/2578bad5d820fc2de9f38c26c92833a0d977c441/src/main/resources/data/ars_n_spells/tags/blocks/source_jars.json
forge,src/main/resources/data/ars_n_spells/tags/items/blasphemy_curios.json,1027,804d7115ce8aeb55c8df0b2863d817d83b3498f747569901257b32728e191494,https://github.com/otectus/ars-n-spells/blob/2578bad5d820fc2de9f38c26c92833a0d977c441/src/main/resources/data/ars_n_spells/tags/items/blasphemy_curios.json
forge,src/main/resources/data/ars_n_spells/tags/items/cursed_rings.json,111,c348ff8f3d4c137c7a29ba675fb4df07d665b873ea9254e6247da7c96c67b2e7,https://github.com/otectus/ars-n-spells/blob/2578bad5d820fc2de9f38c26c92833a0d977c441/src/main/resources/data/ars_n_spells/tags/items/cursed_rings.json
forge,src/main/resources/data/ars_n_spells/tags/items/irons_spell_books.json,1182,c2e358ea35076ea6e75017f497f0a6d9b453b123ad5c58b5cab2a03dde0b005e,https://github.com/otectus/ars-n-spells/blob/2578bad5d820fc2de9f38c26c92833a0d977c441/src/main/resources/data/ars_n_spells/tags/items/irons_spell_books.json
forge,src/main/resources/data/ars_n_spells/tags/items/virtue_rings.json,117,f24a6ba72e123f910669a2229d72ef7af357c19ab579fec7dbc94223185bede0,https://github.com/otectus/ars-n-spells/blob/2578bad5d820fc2de9f38c26c92833a0d977c441/src/main/resources/data/ars_n_spells/tags/items/virtue_rings.json
forge,src/main/resources/META-INF/mods.toml,2450,28f0c1a20a0325d1fa3f66f467550525c9cc222230a1fe673816e67de9383607,https://github.com/otectus/ars-n-spells/blob/2578bad5d820fc2de9f38c26c92833a0d977c441/src/main/resources/META-INF/mods.toml
forge,src/main/resources/pack.mcmeta,178,2db803bd2cffc0964d7e62874d0e4f50b902e3359ef7e55a67fc4be7e2b5d3d6,https://github.com/otectus/ars-n-spells/blob/2578bad5d820fc2de9f38c26c92833a0d977c441/src/main/resources/pack.mcmeta
forge,src/test/java/com/otectus/arsnspells/augmentation/ResonanceManagerClampTest.java,3378,dcc28cc13909b5178ac9ba872b6c760c1127541d179d00957c20fe300556f70d,https://github.com/otectus/ars-n-spells/blob/2578bad5d820fc2de9f38c26c92833a0d977c441/src/test/java/com/otectus/arsnspells/augmentation/ResonanceManagerClampTest.java
forge,src/test/java/com/otectus/arsnspells/bridge/BridgeManagerFallbackTest.java,1531,cc80a4ccc9d410982c3d23fa7c8ce60d355d6317ce77c9c058b2bebb294b176a,https://github.com/otectus/ars-n-spells/blob/2578bad5d820fc2de9f38c26c92833a0d977c441/src/test/java/com/otectus/arsnspells/bridge/BridgeManagerFallbackTest.java
forge,src/test/java/com/otectus/arsnspells/bridge/BridgeManagerModeTest.java,1514,792023be54d1c385c442c534491ecbf49ef7775575d2beab350e521e578928b6,https://github.com/otectus/ars-n-spells/blob/2578bad5d820fc2de9f38c26c92833a0d977c441/src/test/java/com/otectus/arsnspells/bridge/BridgeManagerModeTest.java
forge,src/test/java/com/otectus/arsnspells/bridge/BridgeManagerRollbackContractTest.java,6674,90ed5fb21daf36e27f35a1c615ece14789f312b571e67889f2122e2dc3ca52a9,https://github.com/otectus/ars-n-spells/blob/2578bad5d820fc2de9f38c26c92833a0d977c441/src/test/java/com/otectus/arsnspells/bridge/BridgeManagerRollbackContractTest.java
forge,src/test/java/com/otectus/arsnspells/bridge/ClampingBridgeConsumeExactnessTest.java,4920,ed2a39f87175940867405a014ff77dd5a43a477c94016301fa6a9438101ffbfc,https://github.com/otectus/ars-n-spells/blob/2578bad5d820fc2de9f38c26c92833a0d977c441/src/test/java/com/otectus/arsnspells/bridge/ClampingBridgeConsumeExactnessTest.java
forge,src/test/java/com/otectus/arsnspells/bridge/IManaBridgeAddManaContractTest.java,7423,7bb0a4b4b3fb29c70d5986886040ef0b64add5343d282672587a70ec4a332783,https://github.com/otectus/ars-n-spells/blob/2578bad5d820fc2de9f38c26c92833a0d977c441/src/test/java/com/otectus/arsnspells/bridge/IManaBridgeAddManaContractTest.java
forge,src/test/java/com/otectus/arsnspells/bridge/SharedPoolCeilingTest.java,4558,c78be86a3337cd9ec70071b46594d14a546929cb2d15d021e894aa1f9f43843e,https://github.com/otectus/ars-n-spells/blob/2578bad5d820fc2de9f38c26c92833a0d977c441/src/test/java/com/otectus/arsnspells/bridge/SharedPoolCeilingTest.java
forge,src/test/java/com/otectus/arsnspells/client/ClientAuraPeakTrackerTest.java,2024,3b262f1b75514bc4ba2723c9b6bb22cf413a4e28560907035366d0759d11ff08,https://github.com/otectus/ars-n-spells/blob/2578bad5d820fc2de9f38c26c92833a0d977c441/src/test/java/com/otectus/arsnspells/client/ClientAuraPeakTrackerTest.java
forge,src/test/java/com/otectus/arsnspells/client/ManaBarControllerOverlayMatchTest.java,1777,6dc0bf75684fd2a21a0bd74d888d1d094fd9897344a994cc3b10c7dbb8875df7,https://github.com/otectus/ars-n-spells/blob/2578bad5d820fc2de9f38c26c92833a0d977c441/src/test/java/com/otectus/arsnspells/client/ManaBarControllerOverlayMatchTest.java
forge,src/test/java/com/otectus/arsnspells/client/screen/ConfigScreenFactoryGateTest.java,1283,a7afdaa795aa6b737ad122f19fb1f8b78fb8aeef7b1d6fc8b9b5c3669e739f01,https://github.com/otectus/ars-n-spells/blob/2578bad5d820fc2de9f38c26c92833a0d977c441/src/test/java/com/otectus/arsnspells/client/screen/ConfigScreenFactoryGateTest.java
forge,src/test/java/com/otectus/arsnspells/client/screen/ConfigScreenFactoryLegibilityTest.java,3285,746b6de1271a938581b4ce7bfa5908c9a7047730e37930f8d116901c3fd3b6ef,https://github.com/otectus/ars-n-spells/blob/2578bad5d820fc2de9f38c26c92833a0d977c441/src/test/java/com/otectus/arsnspells/client/screen/ConfigScreenFactoryLegibilityTest.java
forge,src/test/java/com/otectus/arsnspells/commands/AnsModeCommandTest.java,2210,34ad10df3a91a03b74c684330f3b3d342cfd31f616d7b3cd5b0f26304420e8ed,https://github.com/otectus/ars-n-spells/blob/2578bad5d820fc2de9f38c26c92833a0d977c441/src/test/java/com/otectus/arsnspells/commands/AnsModeCommandTest.java
forge,src/test/java/com/otectus/arsnspells/compat/AuraFailureModeTest.java,3955,2c5d2468dcf5002ad4ec516a4893ea41da64c59c47ea2ce931f3365170831224,https://github.com/otectus/ars-n-spells/blob/2578bad5d820fc2de9f38c26c92833a0d977c441/src/test/java/com/otectus/arsnspells/compat/AuraFailureModeTest.java
forge,src/test/java/com/otectus/arsnspells/compat/CovenantJarSurfaceTest.java,8522,a987318506b35c7779241457619bf6ab48daf325eca1a2792f64f4825c6b062d,https://github.com/otectus/ars-n-spells/blob/2578bad5d820fc2de9f38c26c92833a0d977c441/src/test/java/com/otectus/arsnspells/compat/CovenantJarSurfaceTest.java
forge,src/test/java/com/otectus/arsnspells/compat/CurioTagDetectionTest.java,3551,829b3eed0617c87adc5ef173c009b18df8dc3c0c2912cce25ba594e2781f7110,https://github.com/otectus/ars-n-spells/blob/2578bad5d820fc2de9f38c26c92833a0d977c441/src/test/java/com/otectus/arsnspells/compat/CurioTagDetectionTest.java
forge,src/test/java/com/otectus/arsnspells/compat/ScrollLPTrackerClearTest.java,1383,9dfaf191e4c8dad36459bdde4cc603b8c89603a7abae0429e573c2367fbbb699,https://github.com/otectus/ars-n-spells/blob/2578bad5d820fc2de9f38c26c92833a0d977c441/src/test/java/com/otectus/arsnspells/compat/ScrollLPTrackerClearTest.java
forge,src/test/java/com/otectus/arsnspells/compat/ScrollLPTrackerFifoTest.java,4193,10fe5bc618be016ab8f4993e2b4f03ad72b02151d75c270641da3644c3bc13ec,https://github.com/otectus/ars-n-spells/blob/2578bad5d820fc2de9f38c26c92833a0d977c441/src/test/java/com/otectus/arsnspells/compat/ScrollLPTrackerFifoTest.java
forge,src/test/java/com/otectus/arsnspells/config/AnsConfigStructureTest.java,6673,e707f2feb75370e73a6910d0b15a6d525c112dae13175ca56db36d537cc3b22a,https://github.com/otectus/ars-n-spells/blob/2578bad5d820fc2de9f38c26c92833a0d977c441/src/test/java/com/otectus/arsnspells/config/AnsConfigStructureTest.java
forge,src/test/java/com/otectus/arsnspells/config/SpellTranscriptionRecipeConditionalTest.java,1586,8e423fe138a972e7319cfb567539ce00b863008e9f4135abc66c4739dd5f5a50,https://github.com/otectus/ars-n-spells/blob/2578bad5d820fc2de9f38c26c92833a0d977c441/src/test/java/com/otectus/arsnspells/config/SpellTranscriptionRecipeConditionalTest.java
forge,src/test/java/com/otectus/arsnspells/config/VirtueRingAuraToggleTest.java,3078,03a1182269dd1a26d5730ef9caa77c6d623c6ab73bd9580018e11a5f719e2a17,https://github.com/otectus/ars-n-spells/blob/2578bad5d820fc2de9f38c26c92833a0d977c441/src/test/java/com/otectus/arsnspells/config/VirtueRingAuraToggleTest.java
forge,src/test/java/com/otectus/arsnspells/data/AffinityDecayResidualTest.java,5288,78f0479b3e8cf19c0b333d877726d7955b95ab8d4ddd1b5b277af35d731eaa30,https://github.com/otectus/ars-n-spells/blob/2578bad5d820fc2de9f38c26c92833a0d977c441/src/test/java/com/otectus/arsnspells/data/AffinityDecayResidualTest.java
forge,src/test/java/com/otectus/arsnspells/data/CapabilityDataVersionTest.java,1846,d564436bca6b8d51b88d024c6245498bb5092bd172622bb4f47b43f96f57f4bc,https://github.com/otectus/ars-n-spells/blob/2578bad5d820fc2de9f38c26c92833a0d977c441/src/test/java/com/otectus/arsnspells/data/CapabilityDataVersionTest.java
forge,src/test/java/com/otectus/arsnspells/equipment/EquipmentIntegrationConcurrencyTest.java,1998,7ce3807555eb5f5ea8b09047d7a2e332b8ad698ad70553353ecfe0e33288abc8,https://github.com/otectus/ars-n-spells/blob/2578bad5d820fc2de9f38c26c92833a0d977c441/src/test/java/com/otectus/arsnspells/equipment/EquipmentIntegrationConcurrencyTest.java
forge,src/test/java/com/otectus/arsnspells/events/AffinityHandlerCatchNarrowTest.java,1121,13c9abee20ea5aacfc092b66d8d7ffbceb4d585fa9d246ef57a4cb32fc4c1c63,https://github.com/otectus/ars-n-spells/blob/2578bad5d820fc2de9f38c26c92833a0d977c441/src/test/java/com/otectus/arsnspells/events/AffinityHandlerCatchNarrowTest.java
forge,src/test/java/com/otectus/arsnspells/events/CapabilityProviderPriorityTest.java,1932,e63c68255a2dcf1f588ae30722629969f0ae7e9d36a077d932b3f3dcdde6f8c9,https://github.com/otectus/ars-n-spells/blob/2578bad5d820fc2de9f38c26c92833a0d977c441/src/test/java/com/otectus/arsnspells/events/CapabilityProviderPriorityTest.java
forge,src/test/java/com/otectus/arsnspells/events/CursedRingHandlerGameTimeStampTest.java,2783,b05767eb077997aefd4d4ff07ace7bac904737030d5b466920e3bced2f9143e8,https://github.com/otectus/ars-n-spells/blob/2578bad5d820fc2de9f38c26c92833a0d977c441/src/test/java/com/otectus/arsnspells/events/CursedRingHandlerGameTimeStampTest.java
forge,src/test/java/com/otectus/arsnspells/events/LPDeathPreventionDeathTickScopeTest.java,1837,b70bdea91e9be7de95014cdcb58358399e8062ddb4c3728060085a7fa0f05e95,https://github.com/otectus/ars-n-spells/blob/2578bad5d820fc2de9f38c26c92833a0d977c441/src/test/java/com/otectus/arsnspells/events/LPDeathPreventionDeathTickScopeTest.java
forge,src/test/java/com/otectus/arsnspells/events/LPDeathPreventionLogoutTest.java,2725,52bea8693149c3cff6edf3cd5b52a78504bfb7ea7fc3d7aa6cb43a6e6aa01a3a,https://github.com/otectus/ars-n-spells/blob/2578bad5d820fc2de9f38c26c92833a0d977c441/src/test/java/com/otectus/arsnspells/events/LPDeathPreventionLogoutTest.java
forge,src/test/java/com/otectus/arsnspells/events/ProgressionHandlerRespawnHookTest.java,1978,4ef654b6f7334f0af2d8d3fcc3cbbb4877f573382957aa01f78e4f053596e853,https://github.com/otectus/ars-n-spells/blob/2578bad5d820fc2de9f38c26c92833a0d977c441/src/test/java/com/otectus/arsnspells/events/ProgressionHandlerRespawnHookTest.java
forge,src/test/java/com/otectus/arsnspells/events/RegenSynergyHandlerChunkGuardTest.java,1905,813041a0744109ee3f83583541d55328409c68b20af74897b8d5dd94bd1863e6,https://github.com/otectus/ars-n-spells/blob/2578bad5d820fc2de9f38c26c92833a0d977c441/src/test/java/com/otectus/arsnspells/events/RegenSynergyHandlerChunkGuardTest.java
forge,src/test/java/com/otectus/arsnspells/events/RegenSynergyHandlerConcurrencyTest.java,926,4e2b36eb82b1276353cf43481dfe7e227c5de7a5e49ee766637f987629219834,https://github.com/otectus/ars-n-spells/blob/2578bad5d820fc2de9f38c26c92833a0d977c441/src/test/java/com/otectus/arsnspells/events/RegenSynergyHandlerConcurrencyTest.java
forge,src/test/java/com/otectus/arsnspells/events/RegenSynergyHandlerConfigGateTest.java,2784,bb1893ad259c9ffca022fcbfe51c2940f552dfc858e6f22067df6d0fa06ab875,https://github.com/otectus/ars-n-spells/blob/2578bad5d820fc2de9f38c26c92833a0d977c441/src/test/java/com/otectus/arsnspells/events/RegenSynergyHandlerConfigGateTest.java
forge,src/test/java/com/otectus/arsnspells/mixin/ArsNSpellsMixinPluginGatingTest.java,6507,83deaaa4dee56de5e0c2adbb244f3c96955eee90eef9baea9182777a5c25c53f,https://github.com/otectus/ars-n-spells/blob/2578bad5d820fc2de9f38c26c92833a0d977c441/src/test/java/com/otectus/arsnspells/mixin/ArsNSpellsMixinPluginGatingTest.java
forge,src/test/java/com/otectus/arsnspells/mixin/ArsNSpellsMixinPluginSanctifiedGatingTest.java,3220,5c2ef539a390df300208932c77a1c47f20fc4debf9a3051b947dc6801d99f216,https://github.com/otectus/ars-n-spells/blob/2578bad5d820fc2de9f38c26c92833a0d977c441/src/test/java/com/otectus/arsnspells/mixin/ArsNSpellsMixinPluginSanctifiedGatingTest.java
forge,src/test/java/com/otectus/arsnspells/mixin/MixinConfigIntegrityTest.java,10017,783e1cbee227da8c336fb300c01ea250be5969c7ff4853ef6dd29e4021f0d83e,https://github.com/otectus/ars-n-spells/blob/2578bad5d820fc2de9f38c26c92833a0d977c441/src/test/java/com/otectus/arsnspells/mixin/MixinConfigIntegrityTest.java
forge,src/test/java/com/otectus/arsnspells/mixin/MixinInjectionPointImmunityTest.java,8186,854ec8fe0f6265255e29ff6815dccca5d40d4771733ead24f1fcaea8afc65ffa,https://github.com/otectus/ars-n-spells/blob/2578bad5d820fc2de9f38c26c92833a0d977c441/src/test/java/com/otectus/arsnspells/mixin/MixinInjectionPointImmunityTest.java
forge,src/test/java/com/otectus/arsnspells/mixin/MixinManaCapabilityPerUuidGuardTest.java,3491,71f2b11af38da5d468611dbe80c6ded178fd2750658c323681e6aaaff6617fd3,https://github.com/otectus/ars-n-spells/blob/2578bad5d820fc2de9f38c26c92833a0d977c441/src/test/java/com/otectus/arsnspells/mixin/MixinManaCapabilityPerUuidGuardTest.java
forge,src/test/java/com/otectus/arsnspells/mixin/MixinScrollItemLocalizationTest.java,1979,d3d1fbff83fe59886961f17dd51f6ce25bcd67f8b8267c824e47dc9b6673bca4,https://github.com/otectus/ars-n-spells/blob/2578bad5d820fc2de9f38c26c92833a0d977c441/src/test/java/com/otectus/arsnspells/mixin/MixinScrollItemLocalizationTest.java
forge,src/test/java/com/otectus/arsnspells/mixin/MixinSpellResolverContextDeletedTest.java,3078,87bf6db2602bac22422b68c54502608f0a9185e8e63ce06d95a6ea87115fe864,https://github.com/otectus/ars-n-spells/blob/2578bad5d820fc2de9f38c26c92833a0d977c441/src/test/java/com/otectus/arsnspells/mixin/MixinSpellResolverContextDeletedTest.java
forge,src/test/java/com/otectus/arsnspells/network/CrossCastRequestPacketTest.java,3308,e5f0fe10d4d44ba9437e1e5d8f729d468e0e925b539532f007798aaf342d65b7,https://github.com/otectus/ars-n-spells/blob/2578bad5d820fc2de9f38c26c92833a0d977c441/src/test/java/com/otectus/arsnspells/network/CrossCastRequestPacketTest.java
forge,src/test/java/com/otectus/arsnspells/network/PacketHandlerDirectionGuardsTest.java,2698,c81520391e3132db01af1a42db174461f8b5363c70aaee2f8190e8f42f9a93a8,https://github.com/otectus/ars-n-spells/blob/2578bad5d820fc2de9f38c26c92833a0d977c441/src/test/java/com/otectus/arsnspells/network/PacketHandlerDirectionGuardsTest.java
forge,src/test/java/com/otectus/arsnspells/network/ResonanceSyncPacketBoundsTest.java,2557,61cedb77dce013a3aa5af0d5db97bee34134c74018f585e31894ad1f6c80071b,https://github.com/otectus/ars-n-spells/blob/2578bad5d820fc2de9f38c26c92833a0d977c441/src/test/java/com/otectus/arsnspells/network/ResonanceSyncPacketBoundsTest.java
forge,src/test/java/com/otectus/arsnspells/registry/CreativeTabWiringTest.java,5516,1e00312c854da8df35341c77b664ef1fdba590b9e0f21c801587c9a937c479b7,https://github.com/otectus/ars-n-spells/blob/2578bad5d820fc2de9f38c26c92833a0d977c441/src/test/java/com/otectus/arsnspells/registry/CreativeTabWiringTest.java
forge,src/test/java/com/otectus/arsnspells/registry/ItemAssetCompletenessTest.java,6102,3ad28c2fe0b829875849809225edfb4438205704f5a9c2d1c0be15961f8a2f44,https://github.com/otectus/ars-n-spells/blob/2578bad5d820fc2de9f38c26c92833a0d977c441/src/test/java/com/otectus/arsnspells/registry/ItemAssetCompletenessTest.java
forge,src/test/java/com/otectus/arsnspells/rituals/ApparatusRecipeIngredientTest.java,3600,da41e4ac4a3eb3ae468f26b91daec390df5f262ee2d5b54d5e1997e5be696564,https://github.com/otectus/ars-n-spells/blob/2578bad5d820fc2de9f38c26c92833a0d977c441/src/test/java/com/otectus/arsnspells/rituals/ApparatusRecipeIngredientTest.java
forge,src/test/java/com/otectus/arsnspells/rituals/InscriptionInputsIronsSplitTest.java,2751,004686d5046001dbc5442118dd568e8037c47b595d6c5657eb1168b1d76ded31,https://github.com/otectus/ars-n-spells/blob/2578bad5d820fc2de9f38c26c92833a0d977c441/src/test/java/com/otectus/arsnspells/rituals/InscriptionInputsIronsSplitTest.java
forge,src/test/java/com/otectus/arsnspells/rituals/InscriptionInputsPredicateTest.java,4340,69a846221f4efe735fe2b59514db2d1139ab68a2fd57d9334aa8199e9349ac6e,https://github.com/otectus/ars-n-spells/blob/2578bad5d820fc2de9f38c26c92833a0d977c441/src/test/java/com/otectus/arsnspells/rituals/InscriptionInputsPredicateTest.java
forge,src/test/java/com/otectus/arsnspells/rituals/ManaRitualBridgeRouteTest.java,2005,9afd5167b7b9f4b40f749a112e91d33cbe15ab75909d58c5e876ecaef8351d72,https://github.com/otectus/ars-n-spells/blob/2578bad5d820fc2de9f38c26c92833a0d977c441/src/test/java/com/otectus/arsnspells/rituals/ManaRitualBridgeRouteTest.java
forge,src/test/java/com/otectus/arsnspells/rituals/SpellbookBindingPredicateTest.java,2820,2e5216bfe74a62274b413e2018543f1f03c87c388021b0f1ccb7c8423385ebb8,https://github.com/otectus/ars-n-spells/blob/2578bad5d820fc2de9f38c26c92833a0d977c441/src/test/java/com/otectus/arsnspells/rituals/SpellbookBindingPredicateTest.java
forge,src/test/java/com/otectus/arsnspells/spell/ArsExportDeduplicationTest.java,1980,a7ef557ce6dc75008daf19758d9a972a5634e1c11a88f7aaecc9b9b539fc600f,https://github.com/otectus/ars-n-spells/blob/2578bad5d820fc2de9f38c26c92833a0d977c441/src/test/java/com/otectus/arsnspells/spell/ArsExportDeduplicationTest.java
forge,src/test/java/com/otectus/arsnspells/spell/ArsToIronsCarrierNbtTest.java,2541,21c4864a957c00889456959cd825ca6af38d066ae01d833c8f0d93eb83d45ddf,https://github.com/otectus/ars-n-spells/blob/2578bad5d820fc2de9f38c26c92833a0d977c441/src/test/java/com/otectus/arsnspells/spell/ArsToIronsCarrierNbtTest.java
forge,src/test/java/com/otectus/arsnspells/spell/CastValidationScopeTest.java,6650,15569fad1d27051af68380e9b130b90822552d104eb5374fdace7123380d87f4,https://github.com/otectus/ars-n-spells/blob/2578bad5d820fc2de9f38c26c92833a0d977c441/src/test/java/com/otectus/arsnspells/spell/CastValidationScopeTest.java
forge,src/test/java/com/otectus/arsnspells/spell/CrossCastContextAtomicTest.java,4162,0e672007d3d6160ababe270119357f09a839de7a8cfded837b7c5d7147d22e6f,https://github.com/otectus/ars-n-spells/blob/2578bad5d820fc2de9f38c26c92833a0d977c441/src/test/java/com/otectus/arsnspells/spell/CrossCastContextAtomicTest.java
forge,src/test/java/com/otectus/arsnspells/spell/CrossCastingHandlerPriorityTest.java,3334,7d883e52e250d4ae21cf83bcb7e8d983ca3aaeb40a53acc69cd864e811fdebdf,https://github.com/otectus/ars-n-spells/blob/2578bad5d820fc2de9f38c26c92833a0d977c441/src/test/java/com/otectus/arsnspells/spell/CrossCastingHandlerPriorityTest.java
forge,src/test/java/com/otectus/arsnspells/spell/CrossCastNbtRoundTripTest.java,5058,da7a871d36ceefe1d42680d8f28d377d5242ce8d33bd367d93cc8d44050c771a,https://github.com/otectus/ars-n-spells/blob/2578bad5d820fc2de9f38c26c92833a0d977c441/src/test/java/com/otectus/arsnspells/spell/CrossCastNbtRoundTripTest.java
forge,src/test/java/com/otectus/arsnspells/spell/CrossCastProxyAllocationTest.java,5354,765c776b331540d7f1addc1dd2606b2cd267a9467e24d59717b3295c6fb6badc,https://github.com/otectus/ars-n-spells/blob/2578bad5d820fc2de9f38c26c92833a0d977c441/src/test/java/com/otectus/arsnspells/spell/CrossCastProxyAllocationTest.java
forge,src/test/java/com/otectus/arsnspells/spell/CrossCastSeparateRefundTest.java,2393,c501f1720509100b5f8e243994e90a059656ff573f3299a3fadae2979b79d854,https://github.com/otectus/ars-n-spells/blob/2578bad5d820fc2de9f38c26c92833a0d977c441/src/test/java/com/otectus/arsnspells/spell/CrossCastSeparateRefundTest.java
forge,src/test/java/com/otectus/arsnspells/spell/CrossCastValidatorTest.java,9117,500ef4c34ac9e01064114d3d0f99d8c57addadacf294055a95e162b29c889621,https://github.com/otectus/ars-n-spells/blob/2578bad5d820fc2de9f38c26c92833a0d977c441/src/test/java/com/otectus/arsnspells/spell/CrossCastValidatorTest.java
forge,src/test/java/com/otectus/arsnspells/spell/IronsBookBindingNbtTest.java,5533,312cbc1d6c91b420ad71a17b07d421d3a40a5d0fffc153514a5a7cf77839572e,https://github.com/otectus/ars-n-spells/blob/2578bad5d820fc2de9f38c26c92833a0d977c441/src/test/java/com/otectus/arsnspells/spell/IronsBookBindingNbtTest.java
forge,src/test/java/com/otectus/arsnspells/util/ArsSpellIntegrityTest.java,1884,46bf806c02a56d376bcd65a976be3eeb7a030e75b95742fd0906d0a2f915d9ea,https://github.com/otectus/ars-n-spells/blob/2578bad5d820fc2de9f38c26c92833a0d977c441/src/test/java/com/otectus/arsnspells/util/ArsSpellIntegrityTest.java
forge,src/test/java/com/otectus/arsnspells/util/ChunkScanUtilTest.java,2806,89a1e6832480f6b58a8c4886d6b1c6aefd8be5ae97ccb405cae6b4fa58d2b7fb,https://github.com/otectus/ars-n-spells/blob/2578bad5d820fc2de9f38c26c92833a0d977c441/src/test/java/com/otectus/arsnspells/util/ChunkScanUtilTest.java
forge,src/test/java/com/otectus/arsnspells/util/SchoolResolverAddonTest.java,6481,d976b69c2afb29d40e9922789bd4fa766d2792ac62abfd3aaede630df9b4c218,https://github.com/otectus/ars-n-spells/blob/2578bad5d820fc2de9f38c26c92833a0d977c441/src/test/java/com/otectus/arsnspells/util/SchoolResolverAddonTest.java
forge,src/test/java/com/otectus/arsnspells/util/SchoolResolverTest.java,7999,90b8ebbabc46b86ec25c0d67d16ca7f3dd8e29bef328e93d8d83a5b4779928e8,https://github.com/otectus/ars-n-spells/blob/2578bad5d820fc2de9f38c26c92833a0d977c441/src/test/java/com/otectus/arsnspells/util/SchoolResolverTest.java
forge,src/test/java/com/otectus/arsnspells/VersionRangeTest.java,1764,b2932c080f55f2bcde8b9d296bd6c4559bda33a3da7749cd78b077aba9d3587f,https://github.com/otectus/ars-n-spells/blob/2578bad5d820fc2de9f38c26c92833a0d977c441/src/test/java/com/otectus/arsnspells/VersionRangeTest.java
forge,src/test/resources/gameteststructures/platform.snbt,5629,dffde7f6723a841e5fc47b91548df3e82f0d3bc6751c6c3278aedd8ab94791a7,https://github.com/otectus/ars-n-spells/blob/2578bad5d820fc2de9f38c26c92833a0d977c441/src/test/resources/gameteststructures/platform.snbt
neo,src/main/java/com/otectus/arsnspells/affinity/AffinityBonuses.java,917,f24256e5574d750a324414c4ea98d36ad4209423c941b6c01c28bdb1880ec792,https://github.com/otectus/ars-n-spells/blob/eb6d3af883b5386785e7e4d2793871f11f3830ce/src/main/java/com/otectus/arsnspells/affinity/AffinityBonuses.java
neo,src/main/java/com/otectus/arsnspells/affinity/AffinityCalculator.java,330,77e951785123ddc43a7b7b05c6345c830640fdefff24fda36dfaccd1e5cda284,https://github.com/otectus/ars-n-spells/blob/eb6d3af883b5386785e7e4d2793871f11f3830ce/src/main/java/com/otectus/arsnspells/affinity/AffinityCalculator.java
neo,src/main/java/com/otectus/arsnspells/affinity/AffinityType.java,4585,44e4b0657aa4c04470118b099cc8e6eaaadfef216f6b0437e877402970d2d16f,https://github.com/otectus/ars-n-spells/blob/eb6d3af883b5386785e7e4d2793871f11f3830ce/src/main/java/com/otectus/arsnspells/affinity/AffinityType.java
neo,src/main/java/com/otectus/arsnspells/affinity/SchoolKeys.java,3325,0b7f3aed5d5e7163cb4a222c9862b7406c01ace776984e5dca82caac16d8f4c1,https://github.com/otectus/ars-n-spells/blob/eb6d3af883b5386785e7e4d2793871f11f3830ce/src/main/java/com/otectus/arsnspells/affinity/SchoolKeys.java
neo,src/main/java/com/otectus/arsnspells/ArsNSpells.java,11713,588fedb8f7d690e7e56e7ae9e083e7db6656d8201b0405dd5aa07bda05541b46,https://github.com/otectus/ars-n-spells/blob/eb6d3af883b5386785e7e4d2793871f11f3830ce/src/main/java/com/otectus/arsnspells/ArsNSpells.java
neo,src/main/java/com/otectus/arsnspells/augmentation/ResonanceManager.java,11525,bdde6112c7bd9fac3e874f2af9295a64726e25634f08267e80a520f5736dc5c3,https://github.com/otectus/ars-n-spells/blob/eb6d3af883b5386785e7e4d2793871f11f3830ce/src/main/java/com/otectus/arsnspells/augmentation/ResonanceManager.java
neo,src/main/java/com/otectus/arsnspells/block/SpellLoomBlock.java,2090,d3a4d4035b8d96071091b0f520f8222372ab0a18186ead9508d7015caf64198e,https://github.com/otectus/ars-n-spells/blob/eb6d3af883b5386785e7e4d2793871f11f3830ce/src/main/java/com/otectus/arsnspells/block/SpellLoomBlock.java
neo,src/main/java/com/otectus/arsnspells/block/SpellLoomBlockEntity.java,3258,e434a50b94c1b988309c10b634a4e31c1dbc7b7eb6696c658589b1a55da1d889,https://github.com/otectus/ars-n-spells/blob/eb6d3af883b5386785e7e4d2793871f11f3830ce/src/main/java/com/otectus/arsnspells/block/SpellLoomBlockEntity.java
neo,src/main/java/com/otectus/arsnspells/bridge/ArsNativeBridge.java,3266,ed883ab59cb4ba17d1bfad24a23c661397ae2016bd268773984012fcef623eeb,https://github.com/otectus/ars-n-spells/blob/eb6d3af883b5386785e7e4d2793871f11f3830ce/src/main/java/com/otectus/arsnspells/bridge/ArsNativeBridge.java
neo,src/main/java/com/otectus/arsnspells/bridge/BridgeManager.java,12504,b3faf85044d6eaa697b51475edc9026b8ae96db23e9c17e502214a379630346c,https://github.com/otectus/ars-n-spells/blob/eb6d3af883b5386785e7e4d2793871f11f3830ce/src/main/java/com/otectus/arsnspells/bridge/BridgeManager.java
neo,src/main/java/com/otectus/arsnspells/bridge/IManaBridge.java,796,029e4addce46d6657fbcc1a89239f684e4906b18b977dcf5e01de3e9abd654c3,https://github.com/otectus/ars-n-spells/blob/eb6d3af883b5386785e7e4d2793871f11f3830ce/src/main/java/com/otectus/arsnspells/bridge/IManaBridge.java
neo,src/main/java/com/otectus/arsnspells/bridge/IronsBridge.java,5944,fc10a64190f91981b15a45f48c5879b6eb5efd0d22d7887d836d814c21f9ed58,https://github.com/otectus/ars-n-spells/blob/eb6d3af883b5386785e7e4d2793871f11f3830ce/src/main/java/com/otectus/arsnspells/bridge/IronsBridge.java
neo,src/main/java/com/otectus/arsnspells/bridge/ManaRegenBridge.java,5952,7fbe85206133b16db68999dacfbd5925423b7191640f4832521e4254d019af74,https://github.com/otectus/ars-n-spells/blob/eb6d3af883b5386785e7e4d2793871f11f3830ce/src/main/java/com/otectus/arsnspells/bridge/ManaRegenBridge.java
neo,src/main/java/com/otectus/arsnspells/bridge/SharedPoolCeiling.java,2759,e8fa2e9cf073c7d45c96893b71008cf794cf5003b2f05a57da450ff0f2b8c20c,https://github.com/otectus/ars-n-spells/blob/eb6d3af883b5386785e7e4d2793871f11f3830ce/src/main/java/com/otectus/arsnspells/bridge/SharedPoolCeiling.java
neo,src/main/java/com/otectus/arsnspells/casting/CastingAuthority.java,8258,08cbcab0309718b55fce20e79a4c54d419e53eb7a2e61e7f7ee866e7912b09bb,https://github.com/otectus/ars-n-spells/blob/eb6d3af883b5386785e7e4d2793871f11f3830ce/src/main/java/com/otectus/arsnspells/casting/CastingAuthority.java
neo,src/main/java/com/otectus/arsnspells/client/ArsNSpellsClient.java,3046,5df320b8b6679860c10b758b954a28b394f9a0c68cabb91cc4fd1a4f980e4fd0,https://github.com/otectus/ars-n-spells/blob/eb6d3af883b5386785e7e4d2793871f11f3830ce/src/main/java/com/otectus/arsnspells/client/ArsNSpellsClient.java
neo,src/main/java/com/otectus/arsnspells/client/ManaBarController.java,7238,8461de06997eb7bb2b6e5882c864f712ed6d379ea22b2d13c276aeeea04006f6,https://github.com/otectus/ars-n-spells/blob/eb6d3af883b5386785e7e4d2793871f11f3830ce/src/main/java/com/otectus/arsnspells/client/ManaBarController.java
neo,src/main/java/com/otectus/arsnspells/client/OverlayDiagnostics.java,5688,9bf64b6fdd74ac1ca3aa51fd83b81311a6c53cf409339df424c06309fc96d0b3,https://github.com/otectus/ars-n-spells/blob/eb6d3af883b5386785e7e4d2793871f11f3830ce/src/main/java/com/otectus/arsnspells/client/OverlayDiagnostics.java
neo,src/main/java/com/otectus/arsnspells/client/screen/ConfigScreenFactory.java,22745,70fd5d55d2aeae6d379d8e53a8db4c3eb79ae48dd91dca18e9ad83bbeb7dfcfb,https://github.com/otectus/ars-n-spells/blob/eb6d3af883b5386785e7e4d2793871f11f3830ce/src/main/java/com/otectus/arsnspells/client/screen/ConfigScreenFactory.java
neo,src/main/java/com/otectus/arsnspells/client/screen/SpellLoomScreen.java,16316,55728412fb1c74ac75cf77a4a6e5bf54f9c2ebe7becb84f878d1ff0327056d90,https://github.com/otectus/ars-n-spells/blob/eb6d3af883b5386785e7e4d2793871f11f3830ce/src/main/java/com/otectus/arsnspells/client/screen/SpellLoomScreen.java
neo,src/main/java/com/otectus/arsnspells/combat/ArsDamageBridge.java,4210,80281dc4af8e1c9145e59ab74b6a9a17373f16ea363ff1e5444df824f68a02f2,https://github.com/otectus/ars-n-spells/blob/eb6d3af883b5386785e7e4d2793871f11f3830ce/src/main/java/com/otectus/arsnspells/combat/ArsDamageBridge.java
neo,src/main/java/com/otectus/arsnspells/combat/CombatDebugState.java,8236,4d8140ec143a15fb8b32f010f8f01aaa3d07f82263acda8b06a754f31853af6d,https://github.com/otectus/ars-n-spells/blob/eb6d3af883b5386785e7e4d2793871f11f3830ce/src/main/java/com/otectus/arsnspells/combat/CombatDebugState.java
neo,src/main/java/com/otectus/arsnspells/combat/IronsAttributeReport.java,3888,726a07ce1a57c4673b59136cd7262152474334141f3c8a10d81d8231b77d1805,https://github.com/otectus/ars-n-spells/blob/eb6d3af883b5386785e7e4d2793871f11f3830ce/src/main/java/com/otectus/arsnspells/combat/IronsAttributeReport.java
neo,src/main/java/com/otectus/arsnspells/combat/IronsDamageBridge.java,5081,44172d2cb8c82e70198670f7b45b4691d6b0887bbc2356c5f99e966b06d81b9d,https://github.com/otectus/ars-n-spells/blob/eb6d3af883b5386785e7e4d2793871f11f3830ce/src/main/java/com/otectus/arsnspells/combat/IronsDamageBridge.java
neo,src/main/java/com/otectus/arsnspells/commands/ArsNSpellsCommands.java,28625,4de6d19fc71debed0e66aa3147046695f70eba82051b55e70da90119b0896063,https://github.com/otectus/ars-n-spells/blob/eb6d3af883b5386785e7e4d2793871f11f3830ce/src/main/java/com/otectus/arsnspells/commands/ArsNSpellsCommands.java
neo,src/main/java/com/otectus/arsnspells/compat/CompatIds.java,1389,23cbb1dc4e31158b13659ef65f79fc9a5bae39e265bd3608275b2129f36d50d0,https://github.com/otectus/ars-n-spells/blob/eb6d3af883b5386785e7e4d2793871f11f3830ce/src/main/java/com/otectus/arsnspells/compat/CompatIds.java
neo,src/main/java/com/otectus/arsnspells/compat/curios/CuriosAccess.java,3822,54a5d7bdff85c05dc7a63d79da5d590918df7b58e24943dbfeb466cf57f3bd89,https://github.com/otectus/ars-n-spells/blob/eb6d3af883b5386785e7e4d2793871f11f3830ce/src/main/java/com/otectus/arsnspells/compat/curios/CuriosAccess.java
neo,src/main/java/com/otectus/arsnspells/compat/curios/IronsCurioDiscountHandler.java,2968,72badb28cb78736d45ef288f73f46884a3f3908c7fbd97a3b296b9691773b5a6,https://github.com/otectus/ars-n-spells/blob/eb6d3af883b5386785e7e4d2793871f11f3830ce/src/main/java/com/otectus/arsnspells/compat/curios/IronsCurioDiscountHandler.java
neo,src/main/java/com/otectus/arsnspells/compat/irons_spells/SchoolIndex.java,2270,b0aac3f5fe901dbb15902e7102f97c9e71183bd0d7283fdf5bc08e01fec43b1d,https://github.com/otectus/ars-n-spells/blob/eb6d3af883b5386785e7e4d2793871f11f3830ce/src/main/java/com/otectus/arsnspells/compat/irons_spells/SchoolIndex.java
neo,src/main/java/com/otectus/arsnspells/compat/IronsCompat.java,674,7cfe8817f6f2e730bbd1beaf9baca47d2c281025d763ea6e0b95b4f8e586ec32,https://github.com/otectus/ars-n-spells/blob/eb6d3af883b5386785e7e4d2793871f11f3830ce/src/main/java/com/otectus/arsnspells/compat/IronsCompat.java
neo,src/main/java/com/otectus/arsnspells/compat/jei/ArsNSpellsJeiPlugin.java,3228,e860ab526f9afa360087cec2f8e1400910d34091db083ad7d1623082530efb4e,https://github.com/otectus/ars-n-spells/blob/eb6d3af883b5386785e7e4d2793871f11f3830ce/src/main/java/com/otectus/arsnspells/compat/jei/ArsNSpellsJeiPlugin.java
neo,src/main/java/com/otectus/arsnspells/compat/jei/IronsProxyRecipeHider.java,3717,009d7ebfa55b6911de982699dcea3bb9cd5cfaf3ef5e6ad6ad9f507475376a57,https://github.com/otectus/ars-n-spells/blob/eb6d3af883b5386785e7e4d2793871f11f3830ce/src/main/java/com/otectus/arsnspells/compat/jei/IronsProxyRecipeHider.java
neo,src/main/java/com/otectus/arsnspells/compat/ModPresence.java,1300,223b1707dda2a1349be35d5b30aff6a23bc2cafc4003fdaa1ab25a6b9a48d7c3,https://github.com/otectus/ars-n-spells/blob/eb6d3af883b5386785e7e4d2793871f11f3830ce/src/main/java/com/otectus/arsnspells/compat/ModPresence.java
neo,src/main/java/com/otectus/arsnspells/compat/ScrollLPTracker.java,4615,0206f5d95a702deea136bfab3edbfcf811c0d6daec8178f0b1682f8cdc7375f2,https://github.com/otectus/ars-n-spells/blob/eb6d3af883b5386785e7e4d2793871f11f3830ce/src/main/java/com/otectus/arsnspells/compat/ScrollLPTracker.java
neo,src/main/java/com/otectus/arsnspells/config/AnsConfig.java,39939,5b95d2968c712928864cfedfbd50d8d117fbaf4fe90c3fe915f88185f3fae4d5,https://github.com/otectus/ars-n-spells/blob/eb6d3af883b5386785e7e4d2793871f11f3830ce/src/main/java/com/otectus/arsnspells/config/AnsConfig.java
neo,src/main/java/com/otectus/arsnspells/config/ManaUnificationMode.java,4032,74de280cbf0479f4c708340495015a6d225fa64af8bda83a15f6b73172905f21,https://github.com/otectus/ars-n-spells/blob/eb6d3af883b5386785e7e4d2793871f11f3830ce/src/main/java/com/otectus/arsnspells/config/ManaUnificationMode.java
neo,src/main/java/com/otectus/arsnspells/config/MultiSchoolPowerPolicy.java,3080,9971aaacfc1bc6cf140384e395a56ef5f0efefcab7469b8533dbe94d31c9db37,https://github.com/otectus/ars-n-spells/blob/eb6d3af883b5386785e7e4d2793871f11f3830ce/src/main/java/com/otectus/arsnspells/config/MultiSchoolPowerPolicy.java
neo,src/main/java/com/otectus/arsnspells/cooldown/CooldownCategory.java,355,94629a809bca42a68be0c027c6287537a52a2c4299d0ecba42bfe5c4c82004b4,https://github.com/otectus/ars-n-spells/blob/eb6d3af883b5386785e7e4d2793871f11f3830ce/src/main/java/com/otectus/arsnspells/cooldown/CooldownCategory.java
neo,src/main/java/com/otectus/arsnspells/cooldown/CooldownTracker.java,684,546978e58b689d29308f7581fddd9e6635f4fb0be7c49257e2e5d92b870cf2c7,https://github.com/otectus/ars-n-spells/blob/eb6d3af883b5386785e7e4d2793871f11f3830ce/src/main/java/com/otectus/arsnspells/cooldown/CooldownTracker.java
neo,src/main/java/com/otectus/arsnspells/cooldown/SpellCategorizer.java,1124,c5f3d75fe1752e543184e8ac75540a50c0e6e4ead35da435df56e973cbead9d2,https://github.com/otectus/ars-n-spells/blob/eb6d3af883b5386785e7e4d2793871f11f3830ce/src/main/java/com/otectus/arsnspells/cooldown/SpellCategorizer.java
neo,src/main/java/com/otectus/arsnspells/cooldown/UnifiedCooldownManager.java,7586,249b8c4283c62376067ee2114b495db5035893d985b2179e48b62eb9b65d0914,https://github.com/otectus/ars-n-spells/blob/eb6d3af883b5386785e7e4d2793871f11f3830ce/src/main/java/com/otectus/arsnspells/cooldown/UnifiedCooldownManager.java
neo,src/main/java/com/otectus/arsnspells/data/AffinityData.java,6965,3ea82c1dc417a3c6764cce114a9a84aef6889779921476df6f3c8cdc5ad96c9a,https://github.com/otectus/ars-n-spells/blob/eb6d3af883b5386785e7e4d2793871f11f3830ce/src/main/java/com/otectus/arsnspells/data/AffinityData.java
neo,src/main/java/com/otectus/arsnspells/data/AttachmentTypes.java,2091,ba4e0bd77340a2c529c835cba51bb3761d2a1c30c86418eb03181197b368b71f,https://github.com/otectus/ars-n-spells/blob/eb6d3af883b5386785e7e4d2793871f11f3830ce/src/main/java/com/otectus/arsnspells/data/AttachmentTypes.java
neo,src/main/java/com/otectus/arsnspells/data/CooldownData.java,1327,90ed02a0a8697d5a44f46265852d4bc9e15d326001a42f5d3f32c61bf3d66e57,https://github.com/otectus/ars-n-spells/blob/eb6d3af883b5386785e7e4d2793871f11f3830ce/src/main/java/com/otectus/arsnspells/data/CooldownData.java
neo,src/main/java/com/otectus/arsnspells/data/DecayAccumulator.java,3768,08d6ba0b64cdce943cd6a57eb8f0ba48513d200628a9b597dd202ba92b5a9d6d,https://github.com/otectus/ars-n-spells/blob/eb6d3af883b5386785e7e4d2793871f11f3830ce/src/main/java/com/otectus/arsnspells/data/DecayAccumulator.java
neo,src/main/java/com/otectus/arsnspells/data/GlyphSchoolReloadListener.java,7488,a731eaae2bff3d65d0e96f215c6f444f64c0a09467bdc07788f73a17267e3aff,https://github.com/otectus/ars-n-spells/blob/eb6d3af883b5386785e7e4d2793871f11f3830ce/src/main/java/com/otectus/arsnspells/data/GlyphSchoolReloadListener.java
neo,src/main/java/com/otectus/arsnspells/data/ProgressionData.java,2798,df004256f717386b737abd3c0fbcb82b43a14a5b96e9453d2401d5eb39d625e9,https://github.com/otectus/ars-n-spells/blob/eb6d3af883b5386785e7e4d2793871f11f3830ce/src/main/java/com/otectus/arsnspells/data/ProgressionData.java
neo,src/main/java/com/otectus/arsnspells/equipment/EquipmentIntegration.java,15981,b9efd074f14d8cfaffe011fe510a3db4187b9c20288e6f57ff538f064826a271,https://github.com/otectus/ars-n-spells/blob/eb6d3af883b5386785e7e4d2793871f11f3830ce/src/main/java/com/otectus/arsnspells/equipment/EquipmentIntegration.java
neo,src/main/java/com/otectus/arsnspells/events/AffinityDecayHandler.java,4094,3f446dc09582ee7e2ed2ef6a0047b88d6ebdbcaeddd29193153786f8e73c62a8,https://github.com/otectus/ars-n-spells/blob/eb6d3af883b5386785e7e4d2793871f11f3830ce/src/main/java/com/otectus/arsnspells/events/AffinityDecayHandler.java
neo,src/main/java/com/otectus/arsnspells/events/AffinityHandler.java,1917,c72be30c1f43eaafefc3ca11f0c7ea6932f06aa856596552796579dcb7bf392d,https://github.com/otectus/ars-n-spells/blob/eb6d3af883b5386785e7e4d2793871f11f3830ce/src/main/java/com/otectus/arsnspells/events/AffinityHandler.java
neo,src/main/java/com/otectus/arsnspells/events/AffinitySyncOnLoginHandler.java,2075,0f5a1d0e30c1b0c5815643b48d04d8751c9bbbb3c8adaf170445e4421b881214,https://github.com/otectus/ars-n-spells/blob/eb6d3af883b5386785e7e4d2793871f11f3830ce/src/main/java/com/otectus/arsnspells/events/AffinitySyncOnLoginHandler.java
neo,src/main/java/com/otectus/arsnspells/events/ArsManaCalcHandler.java,6397,d9ad5854651ff06e8cce153e8eff8e39a058c31f1214b59b91d5a30045f01b0a,https://github.com/otectus/ars-n-spells/blob/eb6d3af883b5386785e7e4d2793871f11f3830ce/src/main/java/com/otectus/arsnspells/events/ArsManaCalcHandler.java
neo,src/main/java/com/otectus/arsnspells/events/CapabilityResyncHandler.java,4790,8dd94ba98f8a3d1ef3f67f68b4c35b82fb1afc2345751d48c0dfb2d6a45da6ea,https://github.com/otectus/ars-n-spells/blob/eb6d3af883b5386785e7e4d2793871f11f3830ce/src/main/java/com/otectus/arsnspells/events/CapabilityResyncHandler.java
neo,src/main/java/com/otectus/arsnspells/events/CooldownHandler.java,1541,35321f59e23eabde0d3c8b2562acb6ba647a5af8f3f2250a05ac47f84bda77b8,https://github.com/otectus/ars-n-spells/blob/eb6d3af883b5386785e7e4d2793871f11f3830ce/src/main/java/com/otectus/arsnspells/events/CooldownHandler.java
neo,src/main/java/com/otectus/arsnspells/events/CrossSpellTooltipHandler.java,6647,3e92db74fdd1594e67039f4dfa5983190b857430476a7bc4481994ac5c5cd651,https://github.com/otectus/ars-n-spells/blob/eb6d3af883b5386785e7e4d2793871f11f3830ce/src/main/java/com/otectus/arsnspells/events/CrossSpellTooltipHandler.java
neo,src/main/java/com/otectus/arsnspells/events/CurioDiscountHandler.java,4124,21652e15710279c3649b2e0b4e217e655e5913dc934c886fa230f134edcfb9f0,https://github.com/otectus/ars-n-spells/blob/eb6d3af883b5386785e7e4d2793871f11f3830ce/src/main/java/com/otectus/arsnspells/events/CurioDiscountHandler.java
neo,src/main/java/com/otectus/arsnspells/events/EquipmentHandler.java,3061,231de5fd78e31f50c028aecc94da1fd70ec6c37bafb39209f53df23649c87089,https://github.com/otectus/ars-n-spells/blob/eb6d3af883b5386785e7e4d2793871f11f3830ce/src/main/java/com/otectus/arsnspells/events/EquipmentHandler.java
neo,src/main/java/com/otectus/arsnspells/events/IronsAffinityHandler.java,2633,b74cde9d1358c607bdfbc201be22a6ce18663c1fca24b07e69e0b0fc20cd701e,https://github.com/otectus/ars-n-spells/blob/eb6d3af883b5386785e7e4d2793871f11f3830ce/src/main/java/com/otectus/arsnspells/events/IronsAffinityHandler.java
neo,src/main/java/com/otectus/arsnspells/events/IronsCooldownHandler.java,2463,c52e26b96bf42bbbdf02dfc54db89a2aa9d940d6258a8066b61e693f8b3b949f,https://github.com/otectus/ars-n-spells/blob/eb6d3af883b5386785e7e4d2793871f11f3830ce/src/main/java/com/otectus/arsnspells/events/IronsCooldownHandler.java
neo,src/main/java/com/otectus/arsnspells/events/IronsProgressionHandler.java,2453,218fe862ae326949c348f3b27418346e3a301c645b498a7a9a1a1a633eea0b44,https://github.com/otectus/ars-n-spells/blob/eb6d3af883b5386785e7e4d2793871f11f3830ce/src/main/java/com/otectus/arsnspells/events/IronsProgressionHandler.java
neo,src/main/java/com/otectus/arsnspells/events/ProgressionHandler.java,3789,1461cc3fda17b8e3bd66a9eef1237a5f908060306f1a673fd176cf32998242cd,https://github.com/otectus/ars-n-spells/blob/eb6d3af883b5386785e7e4d2793871f11f3830ce/src/main/java/com/otectus/arsnspells/events/ProgressionHandler.java
neo,src/main/java/com/otectus/arsnspells/events/RegenSynergyHandler.java,12692,6d76b388df74d86157b437b46739212dd1611d09537a76ef055c815b23eb9bfc,https://github.com/otectus/ars-n-spells/blob/eb6d3af883b5386785e7e4d2793871f11f3830ce/src/main/java/com/otectus/arsnspells/events/RegenSynergyHandler.java
neo,src/main/java/com/otectus/arsnspells/events/ResonanceEvents.java,3043,44e39c5ace99af298546a099bbaa57f03b36dfc5aa999cb247ecbdb6153cc0fb,https://github.com/otectus/ars-n-spells/blob/eb6d3af883b5386785e7e4d2793871f11f3830ce/src/main/java/com/otectus/arsnspells/events/ResonanceEvents.java
neo,src/main/java/com/otectus/arsnspells/events/StateEvictionHandler.java,3946,ea5819cecfeda5e44ecc6cfb4297ef9079dd29279d1ff2b894c9de6b5ea6d7ea,https://github.com/otectus/ars-n-spells/blob/eb6d3af883b5386785e7e4d2793871f11f3830ce/src/main/java/com/otectus/arsnspells/events/StateEvictionHandler.java
neo,src/main/java/com/otectus/arsnspells/gametest/AddonCompatGameTests.java,18729,f36963b0d4d302eab2eadce34e16a5eb7441d92575de433ed8cdf0c39f34cb4f,https://github.com/otectus/ars-n-spells/blob/eb6d3af883b5386785e7e4d2793871f11f3830ce/src/main/java/com/otectus/arsnspells/gametest/AddonCompatGameTests.java
neo,src/main/java/com/otectus/arsnspells/gametest/ArsIronsExportGameTests.java,14709,892261ada7fd2be3daa9bf6e5246c72ab61f9641b74fbc998ae34b774fe2ed6b,https://github.com/otectus/ars-n-spells/blob/eb6d3af883b5386785e7e4d2793871f11f3830ce/src/main/java/com/otectus/arsnspells/gametest/ArsIronsExportGameTests.java
neo,src/main/java/com/otectus/arsnspells/gametest/CombatBridgeGameTests.java,28952,8b2002587668ce5a6481a433842e79a32393af7c499bfb4ba6961a7e2e46780f,https://github.com/otectus/ars-n-spells/blob/eb6d3af883b5386785e7e4d2793871f11f3830ce/src/main/java/com/otectus/arsnspells/gametest/CombatBridgeGameTests.java
neo,src/main/java/com/otectus/arsnspells/gametest/CreativeTabGameTests.java,9696,286b6b6ffccb18203e0bbfc1130a7fbd674b2537d5be455edaccbe14549f942f,https://github.com/otectus/ars-n-spells/blob/eb6d3af883b5386785e7e4d2793871f11f3830ce/src/main/java/com/otectus/arsnspells/gametest/CreativeTabGameTests.java
neo,src/main/java/com/otectus/arsnspells/gametest/CrossCastGameTests.java,21422,ba7b2eac199300a0d7d28aaee00b169287ee52043ed224ce02b4af69a9424dda,https://github.com/otectus/ars-n-spells/blob/eb6d3af883b5386785e7e4d2793871f11f3830ce/src/main/java/com/otectus/arsnspells/gametest/CrossCastGameTests.java
neo,src/main/java/com/otectus/arsnspells/gametest/CrossSpellTooltipGameTests.java,6772,f620ca1a70afe96fd77d010e3a32109dfa4a26e6e4189c01ee18185f8131b0a7,https://github.com/otectus/ars-n-spells/blob/eb6d3af883b5386785e7e4d2793871f11f3830ce/src/main/java/com/otectus/arsnspells/gametest/CrossSpellTooltipGameTests.java
neo,src/main/java/com/otectus/arsnspells/gametest/IronsSpellDamageSupport.java,2647,a08509cb5eadbc02c000f501dabd330ae7f4e43cfcb30c29c9b8eaa82a6113cc,https://github.com/otectus/ars-n-spells/blob/eb6d3af883b5386785e7e4d2793871f11f3830ce/src/main/java/com/otectus/arsnspells/gametest/IronsSpellDamageSupport.java
neo,src/main/java/com/otectus/arsnspells/gametest/RitualLifecycleGameTests.java,15949,dfebe667ddc2987dffee1bebf08817fdcbf14cb64af6225f1c13e2eb01d0bc17,https://github.com/otectus/ars-n-spells/blob/eb6d3af883b5386785e7e4d2793871f11f3830ce/src/main/java/com/otectus/arsnspells/gametest/RitualLifecycleGameTests.java
neo,src/main/java/com/otectus/arsnspells/gametest/RitualTabletGameTests.java,5989,e6c1cd4b657fef202b1c40d2078e8203d4ba84342ad213b291585ac13d7aebf1,https://github.com/otectus/ars-n-spells/blob/eb6d3af883b5386785e7e4d2793871f11f3830ce/src/main/java/com/otectus/arsnspells/gametest/RitualTabletGameTests.java
neo,src/main/java/com/otectus/arsnspells/gametest/SharedPoolManaGameTests.java,12245,0b45cfb31074c6c114fb321526f5aa8c6414c33f5b0decfb4be5b76a31a67ade,https://github.com/otectus/ars-n-spells/blob/eb6d3af883b5386785e7e4d2793871f11f3830ce/src/main/java/com/otectus/arsnspells/gametest/SharedPoolManaGameTests.java
neo,src/main/java/com/otectus/arsnspells/gametest/UninscribeTeardownGameTests.java,4542,566b75217f801fd9220b37d221daae45e6732dddfa06483b60c4cd055419723e,https://github.com/otectus/ars-n-spells/blob/eb6d3af883b5386785e7e4d2793871f11f3830ce/src/main/java/com/otectus/arsnspells/gametest/UninscribeTeardownGameTests.java
neo,src/main/java/com/otectus/arsnspells/menu/SpellLoomMenu.java,6209,b1fc3fab1749c7fc4557eb086fa15e7d91c6ed7ee254af3b76710a0c67cfab00,https://github.com/otectus/ars-n-spells/blob/eb6d3af883b5386785e7e4d2793871f11f3830ce/src/main/java/com/otectus/arsnspells/menu/SpellLoomMenu.java
neo,src/main/java/com/otectus/arsnspells/mixin/ars/MixinManaCapability.java,11791,7972c3a94c9c53033a0e31ca53aba38af40b5c4abaa646529cf10ce2be6a83ac,https://github.com/otectus/ars-n-spells/blob/eb6d3af883b5386785e7e4d2793871f11f3830ce/src/main/java/com/otectus/arsnspells/mixin/ars/MixinManaCapability.java
neo,src/main/java/com/otectus/arsnspells/mixin/ars/MixinSpellResolverMana.java,5011,b33abd501c897eec2b39750dbe180840ba2ae205dadd431d117532fd93763758,https://github.com/otectus/ars-n-spells/blob/eb6d3af883b5386785e7e4d2793871f11f3830ce/src/main/java/com/otectus/arsnspells/mixin/ars/MixinSpellResolverMana.java
neo,src/main/java/com/otectus/arsnspells/mixin/ars/MixinSpellResolverPreCast.java,6182,85a1a4d5fb00f5f4f9ec6be49e460c744de4cae0eced20542c1df89737f07b8e,https://github.com/otectus/ars-n-spells/blob/eb6d3af883b5386785e7e4d2793871f11f3830ce/src/main/java/com/otectus/arsnspells/mixin/ars/MixinSpellResolverPreCast.java
neo,src/main/java/com/otectus/arsnspells/mixin/ArsNSpellsMixinPlugin.java,3721,91eb7b46da33a22aeda2c71431dca434dea476e530ede138772a2b6945b7dfc6,https://github.com/otectus/ars-n-spells/blob/eb6d3af883b5386785e7e4d2793871f11f3830ce/src/main/java/com/otectus/arsnspells/mixin/ArsNSpellsMixinPlugin.java
neo,src/main/java/com/otectus/arsnspells/mixin/irons/MagicDataAccessor.java,902,7df94bd21ca47778bd6e06134a9f91573d839decbbf23e5145853122bef55975,https://github.com/otectus/ars-n-spells/blob/eb6d3af883b5386785e7e4d2793871f11f3830ce/src/main/java/com/otectus/arsnspells/mixin/irons/MagicDataAccessor.java
neo,src/main/java/com/otectus/arsnspells/mixin/irons/MixinAbstractSpellArsIcon.java,4825,1310f1d027251721d629e427844a05212307e3e39c27bb9f757fc12956878d11,https://github.com/otectus/ars-n-spells/blob/eb6d3af883b5386785e7e4d2793871f11f3830ce/src/main/java/com/otectus/arsnspells/mixin/irons/MixinAbstractSpellArsIcon.java
neo,src/main/java/com/otectus/arsnspells/mixin/irons/MixinInscriptionTableMenu.java,3907,4e632ef714d660e23b474a893fa719c054a9a6305326340d0bd9a473cfbe77a4,https://github.com/otectus/ars-n-spells/blob/eb6d3af883b5386785e7e4d2793871f11f3830ce/src/main/java/com/otectus/arsnspells/mixin/irons/MixinInscriptionTableMenu.java
neo,src/main/java/com/otectus/arsnspells/mixin/irons/MixinInscriptionTableScreen.java,3619,2a098c50dd6cfa26cfb4bf86e6233681da800ca2e81e7089d32a7c6acc6f58cf,https://github.com/otectus/ars-n-spells/blob/eb6d3af883b5386785e7e4d2793871f11f3830ce/src/main/java/com/otectus/arsnspells/mixin/irons/MixinInscriptionTableScreen.java
neo,src/main/java/com/otectus/arsnspells/mixin/irons/MixinIronsCastValidation.java,7106,a57909abd301fe1b38c8e8b21b4819ca44214db83ade5ab4273b42174cb58007,https://github.com/otectus/ars-n-spells/blob/eb6d3af883b5386785e7e4d2793871f11f3830ce/src/main/java/com/otectus/arsnspells/mixin/irons/MixinIronsCastValidation.java
neo,src/main/java/com/otectus/arsnspells/mixin/irons/MixinIronsMagicDataMana.java,5474,1f8d6eccc57dfc58b65198b14301fbe1ccaaedda03203f6ed456b60c4ab9f1a0,https://github.com/otectus/ars-n-spells/blob/eb6d3af883b5386785e7e4d2793871f11f3830ce/src/main/java/com/otectus/arsnspells/mixin/irons/MixinIronsMagicDataMana.java
neo,src/main/java/com/otectus/arsnspells/mixin/irons/MixinIronsSpellPowerResonance.java,2851,56864a6c7b9655eb2983484a67ded52da58d66acc73578a638e10db9d82fc3e3,https://github.com/otectus/ars-n-spells/blob/eb6d3af883b5386785e7e4d2793871f11f3830ce/src/main/java/com/otectus/arsnspells/mixin/irons/MixinIronsSpellPowerResonance.java
neo,src/main/java/com/otectus/arsnspells/mixin/irons/MixinScrollItem.java,8599,bcdbf70783a528374e98ed07ccfb4ee5d078d3edcd4e43a6a822dbbece21228b,https://github.com/otectus/ars-n-spells/blob/eb6d3af883b5386785e7e4d2793871f11f3830ce/src/main/java/com/otectus/arsnspells/mixin/irons/MixinScrollItem.java
neo,src/main/java/com/otectus/arsnspells/network/AffinityBulkSyncPayload.java,4216,e053d9d4137cd186a4a48e7b4e22c575f9259caac546040012987998d55b365b,https://github.com/otectus/ars-n-spells/blob/eb6d3af883b5386785e7e4d2793871f11f3830ce/src/main/java/com/otectus/arsnspells/network/AffinityBulkSyncPayload.java
neo,src/main/java/com/otectus/arsnspells/network/AffinitySyncPayload.java,2834,af9d5666e8c127aa0b0a47cd9afafaa0a528f95786d5d54f4786d99703422df3,https://github.com/otectus/ars-n-spells/blob/eb6d3af883b5386785e7e4d2793871f11f3830ce/src/main/java/com/otectus/arsnspells/network/AffinitySyncPayload.java
neo,src/main/java/com/otectus/arsnspells/network/CooldownSyncPayload.java,2795,a77f415b5b91a255f379818b35fbbbabe9922f9eb8d8a6dbccfa6ac440cd9986,https://github.com/otectus/ars-n-spells/blob/eb6d3af883b5386785e7e4d2793871f11f3830ce/src/main/java/com/otectus/arsnspells/network/CooldownSyncPayload.java
neo,src/main/java/com/otectus/arsnspells/network/CrossCastRequestPayload.java,3993,b9defe291d8483a0f50daed1cf8a5deaca9b64542cab6831f73de178f3474252,https://github.com/otectus/ars-n-spells/blob/eb6d3af883b5386785e7e4d2793871f11f3830ce/src/main/java/com/otectus/arsnspells/network/CrossCastRequestPayload.java
neo,src/main/java/com/otectus/arsnspells/network/PacketHandler.java,3130,29447b18674f16e97a5d96abd7b4ce089b35c29c19c727491e8c7224462cce57,https://github.com/otectus/ars-n-spells/blob/eb6d3af883b5386785e7e4d2793871f11f3830ce/src/main/java/com/otectus/arsnspells/network/PacketHandler.java
neo,src/main/java/com/otectus/arsnspells/network/ResonanceSyncPayload.java,2529,ef728cca7d4f43a3c7ff7b9ab1a93f755854ac9ac060e2a7070e9c0c31af66d0,https://github.com/otectus/ars-n-spells/blob/eb6d3af883b5386785e7e4d2793871f11f3830ce/src/main/java/com/otectus/arsnspells/network/ResonanceSyncPayload.java
neo,src/main/java/com/otectus/arsnspells/network/SpellLoomExportPayload.java,6845,a4c42dade682719b38468a3075a862846b1c1746ccca3a48cf87c52c06ec5caf,https://github.com/otectus/ars-n-spells/blob/eb6d3af883b5386785e7e4d2793871f11f3830ce/src/main/java/com/otectus/arsnspells/network/SpellLoomExportPayload.java
neo,src/main/java/com/otectus/arsnspells/progression/ProgressionAttributes.java,2263,88fe1607bec981609048837265ed1429f415b117175b363dcb4e8a96117cb29e,https://github.com/otectus/ars-n-spells/blob/eb6d3af883b5386785e7e4d2793871f11f3830ce/src/main/java/com/otectus/arsnspells/progression/ProgressionAttributes.java
neo,src/main/java/com/otectus/arsnspells/progression/SpellSchool.java,165,2caa16a8bf732d8003009eb2261397391a0c7d33eb247b281ad057ebccb0a42e,https://github.com/otectus/ars-n-spells/blob/eb6d3af883b5386785e7e4d2793871f11f3830ce/src/main/java/com/otectus/arsnspells/progression/SpellSchool.java
neo,src/main/java/com/otectus/arsnspells/registry/ModBlockEntities.java,1066,14054df9f3bbf4d39db70fda15ee714818a8bbd4420885bcfd4f0e128ad367dd,https://github.com/otectus/ars-n-spells/blob/eb6d3af883b5386785e7e4d2793871f11f3830ce/src/main/java/com/otectus/arsnspells/registry/ModBlockEntities.java
neo,src/main/java/com/otectus/arsnspells/registry/ModBlocksRegistry.java,2143,e5f91894e8a9905111a12ddeb08e0ce5f39d923166df80be565ab369523bb35f,https://github.com/otectus/ars-n-spells/blob/eb6d3af883b5386785e7e4d2793871f11f3830ce/src/main/java/com/otectus/arsnspells/registry/ModBlocksRegistry.java
neo,src/main/java/com/otectus/arsnspells/registry/ModCreativeTabs.java,7759,40465fc8ce16b89e6cf08f955c4b787d1dd6b7f394bd933b5382487726d7f58c,https://github.com/otectus/ars-n-spells/blob/eb6d3af883b5386785e7e4d2793871f11f3830ce/src/main/java/com/otectus/arsnspells/registry/ModCreativeTabs.java
neo,src/main/java/com/otectus/arsnspells/registry/ModItemsRegistry.java,4918,d4cd8bff8758224b362270fa082db74716ccf1cca1cb8392e816842108a97f53,https://github.com/otectus/ars-n-spells/blob/eb6d3af883b5386785e7e4d2793871f11f3830ce/src/main/java/com/otectus/arsnspells/registry/ModItemsRegistry.java
neo,src/main/java/com/otectus/arsnspells/registry/ModMenus.java,954,0c4836d5c66e783414facb6f0e3d1b3cfb5960219cd1650188f8ae30757fa58d,https://github.com/otectus/ars-n-spells/blob/eb6d3af883b5386785e7e4d2793871f11f3830ce/src/main/java/com/otectus/arsnspells/registry/ModMenus.java
neo,src/main/java/com/otectus/arsnspells/registry/ModTags.java,2767,23d25e39fff23cad61554e8b32e03550374c838b89a257096f05aad3f9e14574,https://github.com/otectus/ars-n-spells/blob/eb6d3af883b5386785e7e4d2793871f11f3830ce/src/main/java/com/otectus/arsnspells/registry/ModTags.java
neo,src/main/java/com/otectus/arsnspells/rituals/AnsRitual.java,5520,ae70438f2b0accfc039c546037b84c4bcec86a71d19c7757d72a07518251ec39,https://github.com/otectus/ars-n-spells/blob/eb6d3af883b5386785e7e4d2793871f11f3830ce/src/main/java/com/otectus/arsnspells/rituals/AnsRitual.java
neo,src/main/java/com/otectus/arsnspells/rituals/InscriptionInputs.java,5775,7bf2aeb180e0dadb52adb82f8c500d0c1ac42ebd027499af9c668ae81b1e9316,https://github.com/otectus/ars-n-spells/blob/eb6d3af883b5386785e7e4d2793871f11f3830ce/src/main/java/com/otectus/arsnspells/rituals/InscriptionInputs.java
neo,src/main/java/com/otectus/arsnspells/rituals/InscriptionSource.java,1470,7e694567bfe4ed6e55e2803da57f96b73993dd4ca1bf8c7044c155f439eeef75,https://github.com/otectus/ars-n-spells/blob/eb6d3af883b5386785e7e4d2793871f11f3830ce/src/main/java/com/otectus/arsnspells/rituals/InscriptionSource.java
neo,src/main/java/com/otectus/arsnspells/rituals/IronsInscriptionReader.java,2603,b09e1bf7b1effeea46a475ac1b015341a54979f9bf74a74bfd828bfda177155e,https://github.com/otectus/ars-n-spells/blob/eb6d3af883b5386785e7e4d2793871f11f3830ce/src/main/java/com/otectus/arsnspells/rituals/IronsInscriptionReader.java
neo,src/main/java/com/otectus/arsnspells/rituals/ManaInfusionRitual.java,2016,aa2ac3522aaaa421e7bde98afeafe0d8521554ce0cebbb111cf3db47a493fcc7,https://github.com/otectus/ars-n-spells/blob/eb6d3af883b5386785e7e4d2793871f11f3830ce/src/main/java/com/otectus/arsnspells/rituals/ManaInfusionRitual.java
neo,src/main/java/com/otectus/arsnspells/rituals/ManaWellRitual.java,1452,fdd9db1f8e602cb1695238b33b3a8a867a4ffc5dd513a1c8de7c7b5f286fa23b,https://github.com/otectus/ars-n-spells/blob/eb6d3af883b5386785e7e4d2793871f11f3830ce/src/main/java/com/otectus/arsnspells/rituals/ManaWellRitual.java
neo,src/main/java/com/otectus/arsnspells/rituals/RitualFeedback.java,4021,7e38e0807ca154d9c66f95691806e278b58520982ec610ef6a64933621aefc55,https://github.com/otectus/ars-n-spells/blob/eb6d3af883b5386785e7e4d2793871f11f3830ce/src/main/java/com/otectus/arsnspells/rituals/RitualFeedback.java
neo,src/main/java/com/otectus/arsnspells/rituals/RitualRegistryHandler.java,3421,e4b2b50bdef5fa4b62aad8bafe2c2a4f7359f60f8e2c6f365c261e2efbda00b3,https://github.com/otectus/ars-n-spells/blob/eb6d3af883b5386785e7e4d2793871f11f3830ce/src/main/java/com/otectus/arsnspells/rituals/RitualRegistryHandler.java
neo,src/main/java/com/otectus/arsnspells/rituals/SpellbookBindingInputs.java,2533,e58335570348ade3783a749fce4aab5408465abf2648f31f25f00f178cc24598,https://github.com/otectus/ars-n-spells/blob/eb6d3af883b5386785e7e4d2793871f11f3830ce/src/main/java/com/otectus/arsnspells/rituals/SpellbookBindingInputs.java
neo,src/main/java/com/otectus/arsnspells/rituals/SpellbookBindingRitual.java,9506,82406ec083c12a9db9af35021659fc219258076f242538bfb66eeea39be7420a,https://github.com/otectus/ars-n-spells/blob/eb6d3af883b5386785e7e4d2793871f11f3830ce/src/main/java/com/otectus/arsnspells/rituals/SpellbookBindingRitual.java
neo,src/main/java/com/otectus/arsnspells/rituals/SpellTranscriptionRitual.java,7437,197e1fa1c755ea05666d46962a96d312135f3947cdcc960a1409d13c73130908,https://github.com/otectus/ars-n-spells/blob/eb6d3af883b5386785e7e4d2793871f11f3830ce/src/main/java/com/otectus/arsnspells/rituals/SpellTranscriptionRitual.java
neo,src/main/java/com/otectus/arsnspells/rituals/SpellUninscriptionRitual.java,4830,2f5f1ffb6335612ccc8efe4d9ced69ca81b9263d2b01a607069d93c1c7bd9b7d,https://github.com/otectus/ars-n-spells/blob/eb6d3af883b5386785e7e4d2793871f11f3830ce/src/main/java/com/otectus/arsnspells/rituals/SpellUninscriptionRitual.java
neo,src/main/java/com/otectus/arsnspells/spell/ArsSpellExportUtil.java,7759,1e3f95184903a249a7e91ea9a14688cf54657a3342dbed56c9a071d60ea696e8,https://github.com/otectus/ars-n-spells/blob/eb6d3af883b5386785e7e4d2793871f11f3830ce/src/main/java/com/otectus/arsnspells/spell/ArsSpellExportUtil.java
neo,src/main/java/com/otectus/arsnspells/spell/CastValidationScope.java,9212,355a9c58dd8064b1b1ce13cf55ee9bcc9c927d1fc6e998c7136eb9e26e2abf06,https://github.com/otectus/ars-n-spells/blob/eb6d3af883b5386785e7e4d2793871f11f3830ce/src/main/java/com/otectus/arsnspells/spell/CastValidationScope.java
neo,src/main/java/com/otectus/arsnspells/spell/CrossCastContext.java,8020,8e8e2446ddcf814844ad31e4082579535b0198c38d2d87deb264b334bef8287c,https://github.com/otectus/ars-n-spells/blob/eb6d3af883b5386785e7e4d2793871f11f3830ce/src/main/java/com/otectus/arsnspells/spell/CrossCastContext.java
neo,src/main/java/com/otectus/arsnspells/spell/CrossCastingHandler.java,27316,63708306cb0c6fedb4c8bb705cfc6bd40d145f03c04961f1049aa8e8324cf75d,https://github.com/otectus/ars-n-spells/blob/eb6d3af883b5386785e7e4d2793871f11f3830ce/src/main/java/com/otectus/arsnspells/spell/CrossCastingHandler.java
neo,src/main/java/com/otectus/arsnspells/spell/CrossCastIronsHandler.java,6089,fe0df65ae9e46e07f26ad1a41458879606a0670ff620ac65610cd10b2b924f9b,https://github.com/otectus/ars-n-spells/blob/eb6d3af883b5386785e7e4d2793871f11f3830ce/src/main/java/com/otectus/arsnspells/spell/CrossCastIronsHandler.java
neo,src/main/java/com/otectus/arsnspells/spell/CrossCastValidator.java,6389,27059323807c71585d4dd92c97b1e99b9eb6fd0ddea76ac89426c9bcf7aee3b2,https://github.com/otectus/ars-n-spells/blob/eb6d3af883b5386785e7e4d2793871f11f3830ce/src/main/java/com/otectus/arsnspells/spell/CrossCastValidator.java
neo,src/main/java/com/otectus/arsnspells/spell/CrossModSpell.java,5380,56a5ce0c9a4a6826aed482a2eb6f83db3b397785853868eb9ea5d3a6c6926856,https://github.com/otectus/ars-n-spells/blob/eb6d3af883b5386785e7e4d2793871f11f3830ce/src/main/java/com/otectus/arsnspells/spell/CrossModSpell.java
neo,src/main/java/com/otectus/arsnspells/spell/CrossModSpellComponents.java,14951,f4dabcdee118989b774a91a7346d4c9dafcdd63a3805095e8a2dcb8d90424f93,https://github.com/otectus/ars-n-spells/blob/eb6d3af883b5386785e7e4d2793871f11f3830ce/src/main/java/com/otectus/arsnspells/spell/CrossModSpellComponents.java
neo,src/main/java/com/otectus/arsnspells/spell/CrossModSpellList.java,2421,39e44c83056c9c8b87eaff73fd9282f083ec5c36a5933e405c3aee28aa5eb7b0,https://github.com/otectus/ars-n-spells/blob/eb6d3af883b5386785e7e4d2793871f11f3830ce/src/main/java/com/otectus/arsnspells/spell/CrossModSpellList.java
neo,src/main/java/com/otectus/arsnspells/spell/CrossSpellType.java,114,0293291282c591a01405cb9ab8b5ad541820ec717a1d0747397c87f0b521e285,https://github.com/otectus/ars-n-spells/blob/eb6d3af883b5386785e7e4d2793871f11f3830ce/src/main/java/com/otectus/arsnspells/spell/CrossSpellType.java
neo,src/main/java/com/otectus/arsnspells/spell/irons/ArsCrossProxyHiding.java,5813,275f2b6c91b7e5c03bc381900b0e88bc26b631dc77599d48067fc8a91114b5d3,https://github.com/otectus/ars-n-spells/blob/eb6d3af883b5386785e7e4d2793871f11f3830ce/src/main/java/com/otectus/arsnspells/spell/irons/ArsCrossProxyHiding.java
neo,src/main/java/com/otectus/arsnspells/spell/irons/ArsCrossProxyRegistry.java,5668,3cb54db2031e1b6252ab65eb65cce0b5815e67defb9fd7227c220b689a244f21,https://github.com/otectus/ars-n-spells/blob/eb6d3af883b5386785e7e4d2793871f11f3830ce/src/main/java/com/otectus/arsnspells/spell/irons/ArsCrossProxyRegistry.java
neo,src/main/java/com/otectus/arsnspells/spell/irons/ArsCrossProxySpell.java,12371,bc828432d48efc14c4d68ace69ff91624b5170136f0fd92fb857e74309dba07a,https://github.com/otectus/ars-n-spells/blob/eb6d3af883b5386785e7e4d2793871f11f3830ce/src/main/java/com/otectus/arsnspells/spell/irons/ArsCrossProxySpell.java
neo,src/main/java/com/otectus/arsnspells/spell/irons/CarrierReconciler.java,6400,f4d3af7dd3ed55168a5408da21206116880bd0125a4eff31cec3c5464bc5e538,https://github.com/otectus/ars-n-spells/blob/eb6d3af883b5386785e7e4d2793871f11f3830ce/src/main/java/com/otectus/arsnspells/spell/irons/CarrierReconciler.java
neo,src/main/java/com/otectus/arsnspells/spell/irons/IronsInscriptionPolicy.java,3966,2052ee35515e720a7ec6b60a7a86253be3e17378ee664865c7f22ec02f429d0d,https://github.com/otectus/ars-n-spells/blob/eb6d3af883b5386785e7e4d2793871f11f3830ce/src/main/java/com/otectus/arsnspells/spell/irons/IronsInscriptionPolicy.java
neo,src/main/java/com/otectus/arsnspells/spell/irons/IronsProxySlotWriter.java,3499,3a887d9b3226d0c3e371a6689c47ccb9f52c5cf8bc8621e863c4705857e0f0de,https://github.com/otectus/ars-n-spells/blob/eb6d3af883b5386785e7e4d2793871f11f3830ce/src/main/java/com/otectus/arsnspells/spell/irons/IronsProxySlotWriter.java
neo,src/main/java/com/otectus/arsnspells/spell/irons/IronsScrollFactory.java,5242,bfea0482f92434870391a0f692abd0c85f1c85a0a45b9d49941b5dba4d0f498e,https://github.com/otectus/ars-n-spells/blob/eb6d3af883b5386785e7e4d2793871f11f3830ce/src/main/java/com/otectus/arsnspells/spell/irons/IronsScrollFactory.java
neo,src/main/java/com/otectus/arsnspells/spell/IronsBookBindingUtil.java,12722,8541285a0b135640cb25534a310a2e65c2b9c43637ee67ec5db7733aa7d66d1b,https://github.com/otectus/ars-n-spells/blob/eb6d3af883b5386785e7e4d2793871f11f3830ce/src/main/java/com/otectus/arsnspells/spell/IronsBookBindingUtil.java
neo,src/main/java/com/otectus/arsnspells/spell/ModDataComponents.java,2982,70786369ff5ab4aaf161110f7bd510465fd33ba574936e871f645b8782f7216a,https://github.com/otectus/ars-n-spells/blob/eb6d3af883b5386785e7e4d2793871f11f3830ce/src/main/java/com/otectus/arsnspells/spell/ModDataComponents.java
neo,src/main/java/com/otectus/arsnspells/util/AdvancementUtil.java,1857,25a5af700b8ea7faf1763e357294f13d089522c208a9107421f8e0ea8c7abb28,https://github.com/otectus/ars-n-spells/blob/eb6d3af883b5386785e7e4d2793871f11f3830ce/src/main/java/com/otectus/arsnspells/util/AdvancementUtil.java
neo,src/main/java/com/otectus/arsnspells/util/ArsSpellIntegrity.java,7470,f47b4935192226aaa5870a2e1c50a84e058a6ec91d8778c37776ad8c403596a6,https://github.com/otectus/ars-n-spells/blob/eb6d3af883b5386785e7e4d2793871f11f3830ce/src/main/java/com/otectus/arsnspells/util/ArsSpellIntegrity.java
neo,src/main/java/com/otectus/arsnspells/util/ChunkScanUtil.java,1920,5288eded69c7f127acbdef6e105f2567ab7984371d2f3343f81f7a16d348bdb1,https://github.com/otectus/ars-n-spells/blob/eb6d3af883b5386785e7e4d2793871f11f3830ce/src/main/java/com/otectus/arsnspells/util/ChunkScanUtil.java
neo,src/main/java/com/otectus/arsnspells/util/CrossCastTrace.java,3181,de6213a6ae1865c9dade40477ce03cc917940bd4ae5ff7d18d858c2ef0e762e2,https://github.com/otectus/ars-n-spells/blob/eb6d3af883b5386785e7e4d2793871f11f3830ce/src/main/java/com/otectus/arsnspells/util/CrossCastTrace.java
neo,src/main/java/com/otectus/arsnspells/util/LogThrottle.java,2612,d7abc5becf34b586f5b42161c7a10d691581f8037a339711bcb59b9a464b36b3,https://github.com/otectus/ars-n-spells/blob/eb6d3af883b5386785e7e4d2793871f11f3830ce/src/main/java/com/otectus/arsnspells/util/LogThrottle.java
neo,src/main/java/com/otectus/arsnspells/util/ManaUtil.java,1616,d92a7cd9cd86c986a83f017cacf0a8efa42f4253b7a27195bf3d061675fbcee9,https://github.com/otectus/ars-n-spells/blob/eb6d3af883b5386785e7e4d2793871f11f3830ce/src/main/java/com/otectus/arsnspells/util/ManaUtil.java
neo,src/main/java/com/otectus/arsnspells/util/MixinSelfCheck.java,9001,58d50ee735e0d3e7461302490fb0276b69579f57ccbbca729f568c280a07f3d7,https://github.com/otectus/ars-n-spells/blob/eb6d3af883b5386785e7e4d2793871f11f3830ce/src/main/java/com/otectus/arsnspells/util/MixinSelfCheck.java
neo,src/main/java/com/otectus/arsnspells/util/SchoolMappings.java,8403,da05855cc4ae5a017fdd4b4b98c7fb1410ce6d530829ea959e6c71da47b11caf,https://github.com/otectus/ars-n-spells/blob/eb6d3af883b5386785e7e4d2793871f11f3830ce/src/main/java/com/otectus/arsnspells/util/SchoolMappings.java
neo,src/main/java/com/otectus/arsnspells/util/SchoolResolver.java,14038,02185f9631cfe8568220c18585ff367dae8e5494fd184fa50cd662d52a7e7df2,https://github.com/otectus/ars-n-spells/blob/eb6d3af883b5386785e7e4d2793871f11f3830ce/src/main/java/com/otectus/arsnspells/util/SchoolResolver.java
neo,src/main/java/com/otectus/arsnspells/util/SpellAnalysis.java,11116,34607a97c622afe1e0644676476ee127aa67cf2a8c3de34d8130d2469ebe768c,https://github.com/otectus/ars-n-spells/blob/eb6d3af883b5386785e7e4d2793871f11f3830ce/src/main/java/com/otectus/arsnspells/util/SpellAnalysis.java
neo,src/main/java/com/otectus/arsnspells/util/SpellScalingUtil.java,12329,1219455ba5e3ada006a5ac25d132a91ee63e5958f0292cb1e532d046da200639,https://github.com/otectus/ars-n-spells/blob/eb6d3af883b5386785e7e4d2793871f11f3830ce/src/main/java/com/otectus/arsnspells/util/SpellScalingUtil.java
neo,src/main/java/com/otectus/arsnspells/util/SpellSchoolId.java,2620,53399839f13dc2fe044d1fc30139dac54bec7ff15799c7454dce9386afbc50d4,https://github.com/otectus/ars-n-spells/blob/eb6d3af883b5386785e7e4d2793871f11f3830ce/src/main/java/com/otectus/arsnspells/util/SpellSchoolId.java
neo,src/main/java/com/otectus/arsnspells/util/StartupValidator.java,5133,76b01e5d79130f17238472349b14facafc0b88acf58b210bcb822a4d7a84d1a7,https://github.com/otectus/ars-n-spells/blob/eb6d3af883b5386785e7e4d2793871f11f3830ce/src/main/java/com/otectus/arsnspells/util/StartupValidator.java
neo,src/main/resources/ars_n_spells.compat.mixins.json,594,85967a2b3b67b4c4fb0652fe82825e18c2a613ef6240439fe3d776b6cb0030ce,https://github.com/otectus/ars-n-spells/blob/eb6d3af883b5386785e7e4d2793871f11f3830ce/src/main/resources/ars_n_spells.compat.mixins.json
neo,src/main/resources/ars_n_spells.mixins.json,373,f57cd1a531b4c2dd76255268d939c2540f90c243b5076a69130163ccbc559d45,https://github.com/otectus/ars-n-spells/blob/eb6d3af883b5386785e7e4d2793871f11f3830ce/src/main/resources/ars_n_spells.mixins.json
neo,src/main/resources/assets/ars_n_spells/blockstates/spell_loom.json,82,4ba9b3bd7af2dacd4b0ceddb3d239d4aabe1b100e90edd7b5e1e29c26b15db37,https://github.com/otectus/ars-n-spells/blob/eb6d3af883b5386785e7e4d2793871f11f3830ce/src/main/resources/assets/ars_n_spells/blockstates/spell_loom.json
neo,src/main/resources/assets/ars_n_spells/lang/en_us.json,20524,7d806c13b82395cee71c72af4130cc0fe689860c07e5e8a6deca339fffc69e67,https://github.com/otectus/ars-n-spells/blob/eb6d3af883b5386785e7e4d2793871f11f3830ce/src/main/resources/assets/ars_n_spells/lang/en_us.json
neo,src/main/resources/assets/ars_n_spells/models/block/spell_loom.json,285,e7bce0812ace51435a1d12b4481d75312a32c9efc4a80d818947303cbc211295,https://github.com/otectus/ars-n-spells/blob/eb6d3af883b5386785e7e4d2793871f11f3830ce/src/main/resources/assets/ars_n_spells/models/block/spell_loom.json
neo,src/main/resources/assets/ars_n_spells/models/item/mana_infusion.json,118,bc59fe716f5c2dbcd06537a3fd9821d4aa6ff68a18a20c74c7ffb7872317dff7,https://github.com/otectus/ars-n-spells/blob/eb6d3af883b5386785e7e4d2793871f11f3830ce/src/main/resources/assets/ars_n_spells/models/item/mana_infusion.json
neo,src/main/resources/assets/ars_n_spells/models/item/mana_well.json,114,7744a2d37b4aa41b62789bfec0219e11d8238589df8300fb4849baac9e791d9b,https://github.com/otectus/ars-n-spells/blob/eb6d3af883b5386785e7e4d2793871f11f3830ce/src/main/resources/assets/ars_n_spells/models/item/mana_well.json
neo,src/main/resources/assets/ars_n_spells/models/item/spell_loom.json,51,03628b6cb5810cc1db3391b276b4a35730e9f5ab267076b65326e98a61249772,https://github.com/otectus/ars-n-spells/blob/eb6d3af883b5386785e7e4d2793871f11f3830ce/src/main/resources/assets/ars_n_spells/models/item/spell_loom.json
neo,src/main/resources/assets/ars_n_spells/models/item/spell_transcription.json,124,6acead6af6223039cd45235f594b9a45766917de74d22e7b96c8c84013d344ff,https://github.com/otectus/ars-n-spells/blob/eb6d3af883b5386785e7e4d2793871f11f3830ce/src/main/resources/assets/ars_n_spells/models/item/spell_transcription.json
neo,src/main/resources/assets/ars_n_spells/models/item/spell_uninscription.json,124,672c39752a3c2e19147dad81a72125e93b234658eb7075eea7c4b6304c394e2b,https://github.com/otectus/ars-n-spells/blob/eb6d3af883b5386785e7e4d2793871f11f3830ce/src/main/resources/assets/ars_n_spells/models/item/spell_uninscription.json
neo,src/main/resources/assets/ars_n_spells/models/item/spellbook_binding.json,122,4b71466078b4f45bbcf0ed939037eb1ddeea574711097e0a181c1c4d959d2ff6,https://github.com/otectus/ars-n-spells/blob/eb6d3af883b5386785e7e4d2793871f11f3830ce/src/main/resources/assets/ars_n_spells/models/item/spellbook_binding.json
neo,src/main/resources/assets/ars_n_spells/textures/block/spell_loom_bottom.png,132,18747b8292741791e4cba7a953bdbbb25bc8ed404dbf70ade7dbf81efb38bd88,https://github.com/otectus/ars-n-spells/blob/eb6d3af883b5386785e7e4d2793871f11f3830ce/src/main/resources/assets/ars_n_spells/textures/block/spell_loom_bottom.png
neo,src/main/resources/assets/ars_n_spells/textures/block/spell_loom_side.png,259,a03c9e864c9617267a7cd7344e98582c4c033d809d885a09412aebdac4bcb1e5,https://github.com/otectus/ars-n-spells/blob/eb6d3af883b5386785e7e4d2793871f11f3830ce/src/main/resources/assets/ars_n_spells/textures/block/spell_loom_side.png
neo,src/main/resources/assets/ars_n_spells/textures/block/spell_loom_top.png,233,619907ed032e66387c046a4a1793523dd8906ca66dfa5578b63fe49cce0ce19a,https://github.com/otectus/ars-n-spells/blob/eb6d3af883b5386785e7e4d2793871f11f3830ce/src/main/resources/assets/ars_n_spells/textures/block/spell_loom_top.png
neo,src/main/resources/assets/ars_n_spells/textures/gui/icons/spell/ars_cross_default.png,96,50d911c8ebdf037c7dc6fb08ed668794f7b09d8fc1d8aa2bb966398f62d076e2,https://github.com/otectus/ars-n-spells/blob/eb6d3af883b5386785e7e4d2793871f11f3830ce/src/main/resources/assets/ars_n_spells/textures/gui/icons/spell/ars_cross_default.png
neo,src/main/resources/assets/ars_n_spells/textures/gui/icons/spell/icon_bolt.png,178,5dbe7559420a3cdce05357137be23bbb47e3b3c35470ec1f8ad3e3b42395a1fa,https://github.com/otectus/ars-n-spells/blob/eb6d3af883b5386785e7e4d2793871f11f3830ce/src/main/resources/assets/ars_n_spells/textures/gui/icons/spell/icon_bolt.png
neo,src/main/resources/assets/ars_n_spells/textures/gui/icons/spell/icon_drop.png,170,67e493031ba77cd03197aaf10aef9cc660a7661985f05e7e78dd9ca9e7afbf6d,https://github.com/otectus/ars-n-spells/blob/eb6d3af883b5386785e7e4d2793871f11f3830ce/src/main/resources/assets/ars_n_spells/textures/gui/icons/spell/icon_drop.png
neo,src/main/resources/assets/ars_n_spells/textures/gui/icons/spell/icon_eye.png,173,53cbcda375fdabf85a79023f97de0a474ba0ee3dc27f562fb909c07e77528b8f,https://github.com/otectus/ars-n-spells/blob/eb6d3af883b5386785e7e4d2793871f11f3830ce/src/main/resources/assets/ars_n_spells/textures/gui/icons/spell/icon_eye.png
neo,src/main/resources/assets/ars_n_spells/textures/gui/icons/spell/icon_flame.png,169,3a6d5b215c4829a09d2918b0559b43e5be0829a1ba830826979ca45c6ca2481a,https://github.com/otectus/ars-n-spells/blob/eb6d3af883b5386785e7e4d2793871f11f3830ce/src/main/resources/assets/ars_n_spells/textures/gui/icons/spell/icon_flame.png
neo,src/main/resources/assets/ars_n_spells/textures/gui/icons/spell/icon_leaf.png,179,11abbe1d68757ea8a44db8c4cf71ce4f4184dfcb2e7f3e37ccfd3ac34bd87de4,https://github.com/otectus/ars-n-spells/blob/eb6d3af883b5386785e7e4d2793871f11f3830ce/src/main/resources/assets/ars_n_spells/textures/gui/icons/spell/icon_leaf.png
neo,src/main/resources/assets/ars_n_spells/textures/gui/icons/spell/icon_moon.png,190,c051049e80884a1952096a267776803a1e648b49d834af9d619934df8acfc0b0,https://github.com/otectus/ars-n-spells/blob/eb6d3af883b5386785e7e4d2793871f11f3830ce/src/main/resources/assets/ars_n_spells/textures/gui/icons/spell/icon_moon.png
neo,src/main/resources/assets/ars_n_spells/textures/gui/icons/spell/icon_spark.png,195,2a31d84242895758a7268d87f7f330ca5b7f3c0067e653c631787eb3fd5a4002,https://github.com/otectus/ars-n-spells/blob/eb6d3af883b5386785e7e4d2793871f11f3830ce/src/main/resources/assets/ars_n_spells/textures/gui/icons/spell/icon_spark.png
neo,src/main/resources/assets/ars_n_spells/textures/gui/icons/spell/icon_star.png,219,68e517733a99cb9f6a290a6c921ebde6caf1e199b48ce73895b6e57dba077184,https://github.com/otectus/ars-n-spells/blob/eb6d3af883b5386785e7e4d2793871f11f3830ce/src/main/resources/assets/ars_n_spells/textures/gui/icons/spell/icon_star.png
neo,src/main/resources/assets/ars_n_spells/textures/gui/icons/spell/nature_arcane.png,96,50d911c8ebdf037c7dc6fb08ed668794f7b09d8fc1d8aa2bb966398f62d076e2,https://github.com/otectus/ars-n-spells/blob/eb6d3af883b5386785e7e4d2793871f11f3830ce/src/main/resources/assets/ars_n_spells/textures/gui/icons/spell/nature_arcane.png
neo,src/main/resources/assets/ars_n_spells/textures/gui/icons/spell/nature_blood.png,97,0a4495140e8fedfa3d290a419c594faf178f5af8f2a3d0b1a1679a41ae7f8c1b,https://github.com/otectus/ars-n-spells/blob/eb6d3af883b5386785e7e4d2793871f11f3830ce/src/main/resources/assets/ars_n_spells/textures/gui/icons/spell/nature_blood.png
neo,src/main/resources/assets/ars_n_spells/textures/gui/icons/spell/nature_ender.png,97,5529902cdbafa2a2666b996a3e943e5f547350c74921f4ffea4d1468dda05bec,https://github.com/otectus/ars-n-spells/blob/eb6d3af883b5386785e7e4d2793871f11f3830ce/src/main/resources/assets/ars_n_spells/textures/gui/icons/spell/nature_ender.png
neo,src/main/resources/assets/ars_n_spells/textures/gui/icons/spell/nature_fire.png,96,076d7c6a942cc7618d5f51748d798ede2bb1b249c6e7d660c418987f2b9fa1fc,https://github.com/otectus/ars-n-spells/blob/eb6d3af883b5386785e7e4d2793871f11f3830ce/src/main/resources/assets/ars_n_spells/textures/gui/icons/spell/nature_fire.png
neo,src/main/resources/assets/ars_n_spells/textures/gui/icons/spell/nature_holy.png,96,27434e6aeef4f77af44d7350856763b78285334c050cba97b77daf298795b646,https://github.com/otectus/ars-n-spells/blob/eb6d3af883b5386785e7e4d2793871f11f3830ce/src/main/resources/assets/ars_n_spells/textures/gui/icons/spell/nature_holy.png
neo,src/main/resources/assets/ars_n_spells/textures/gui/icons/spell/nature_ice.png,96,f48166092fb49a64d795d881cbd677240a28cc5d6111977b1d1a9af5b50b564e,https://github.com/otectus/ars-n-spells/blob/eb6d3af883b5386785e7e4d2793871f11f3830ce/src/main/resources/assets/ars_n_spells/textures/gui/icons/spell/nature_ice.png
neo,src/main/resources/assets/ars_n_spells/textures/gui/icons/spell/nature_lightning.png,96,012ed2e0001a96b74734cd73a1791d5cea0cdb86679b3a215b05cb2d956ed8cc,https://github.com/otectus/ars-n-spells/blob/eb6d3af883b5386785e7e4d2793871f11f3830ce/src/main/resources/assets/ars_n_spells/textures/gui/icons/spell/nature_lightning.png
neo,src/main/resources/assets/ars_n_spells/textures/gui/icons/spell/nature_nature.png,97,59e544248a9386be2a6e7101382ac20d5dfdf8189a8dc23f4f3712eb723a4575,https://github.com/otectus/ars-n-spells/blob/eb6d3af883b5386785e7e4d2793871f11f3830ce/src/main/resources/assets/ars_n_spells/textures/gui/icons/spell/nature_nature.png
neo,src/main/resources/assets/ars_n_spells/textures/gui/spell_icons/ars_cross_1.png,96,50d911c8ebdf037c7dc6fb08ed668794f7b09d8fc1d8aa2bb966398f62d076e2,https://github.com/otectus/ars-n-spells/blob/eb6d3af883b5386785e7e4d2793871f11f3830ce/src/main/resources/assets/ars_n_spells/textures/gui/spell_icons/ars_cross_1.png
neo,src/main/resources/assets/ars_n_spells/textures/gui/spell_icons/ars_cross_2.png,96,50d911c8ebdf037c7dc6fb08ed668794f7b09d8fc1d8aa2bb966398f62d076e2,https://github.com/otectus/ars-n-spells/blob/eb6d3af883b5386785e7e4d2793871f11f3830ce/src/main/resources/assets/ars_n_spells/textures/gui/spell_icons/ars_cross_2.png
neo,src/main/resources/assets/ars_n_spells/textures/gui/spell_icons/ars_cross_3.png,96,50d911c8ebdf037c7dc6fb08ed668794f7b09d8fc1d8aa2bb966398f62d076e2,https://github.com/otectus/ars-n-spells/blob/eb6d3af883b5386785e7e4d2793871f11f3830ce/src/main/resources/assets/ars_n_spells/textures/gui/spell_icons/ars_cross_3.png
neo,src/main/resources/assets/ars_n_spells/textures/gui/spell_icons/ars_cross_4.png,96,50d911c8ebdf037c7dc6fb08ed668794f7b09d8fc1d8aa2bb966398f62d076e2,https://github.com/otectus/ars-n-spells/blob/eb6d3af883b5386785e7e4d2793871f11f3830ce/src/main/resources/assets/ars_n_spells/textures/gui/spell_icons/ars_cross_4.png
neo,src/main/resources/assets/ars_n_spells/textures/gui/spell_icons/ars_cross_5.png,96,50d911c8ebdf037c7dc6fb08ed668794f7b09d8fc1d8aa2bb966398f62d076e2,https://github.com/otectus/ars-n-spells/blob/eb6d3af883b5386785e7e4d2793871f11f3830ce/src/main/resources/assets/ars_n_spells/textures/gui/spell_icons/ars_cross_5.png
neo,src/main/resources/assets/ars_n_spells/textures/gui/spell_icons/ars_cross_6.png,96,50d911c8ebdf037c7dc6fb08ed668794f7b09d8fc1d8aa2bb966398f62d076e2,https://github.com/otectus/ars-n-spells/blob/eb6d3af883b5386785e7e4d2793871f11f3830ce/src/main/resources/assets/ars_n_spells/textures/gui/spell_icons/ars_cross_6.png
neo,src/main/resources/assets/ars_n_spells/textures/gui/spell_icons/ars_cross_7.png,96,50d911c8ebdf037c7dc6fb08ed668794f7b09d8fc1d8aa2bb966398f62d076e2,https://github.com/otectus/ars-n-spells/blob/eb6d3af883b5386785e7e4d2793871f11f3830ce/src/main/resources/assets/ars_n_spells/textures/gui/spell_icons/ars_cross_7.png
neo,src/main/resources/assets/ars_n_spells/textures/gui/spell_icons/ars_cross_8.png,96,50d911c8ebdf037c7dc6fb08ed668794f7b09d8fc1d8aa2bb966398f62d076e2,https://github.com/otectus/ars-n-spells/blob/eb6d3af883b5386785e7e4d2793871f11f3830ce/src/main/resources/assets/ars_n_spells/textures/gui/spell_icons/ars_cross_8.png
neo,src/main/resources/assets/ars_n_spells/textures/item/mana_infusion.png,391,59ab4bdc73e0ceefb60769935f0fa4062fcf85f1e89c740640cd725e73f4206c,https://github.com/otectus/ars-n-spells/blob/eb6d3af883b5386785e7e4d2793871f11f3830ce/src/main/resources/assets/ars_n_spells/textures/item/mana_infusion.png
neo,src/main/resources/assets/ars_n_spells/textures/item/mana_well.png,374,59d7950edc4e4b8d7a46e56c8c4814a8fc2bcfbc9f37ab16eda96a6ae5c80737,https://github.com/otectus/ars-n-spells/blob/eb6d3af883b5386785e7e4d2793871f11f3830ce/src/main/resources/assets/ars_n_spells/textures/item/mana_well.png
neo,src/main/resources/assets/ars_n_spells/textures/item/spell_transcription.png,386,91ff345305c5fce2a9002d505ba949d1c2101896322278f62ef2fb6e48a6b2c5,https://github.com/otectus/ars-n-spells/blob/eb6d3af883b5386785e7e4d2793871f11f3830ce/src/main/resources/assets/ars_n_spells/textures/item/spell_transcription.png
neo,src/main/resources/assets/ars_n_spells/textures/item/spell_uninscription.png,365,9b276efcd814f610a2b8505f3970e2ab4d7f2f5165c649ff480cca8c7976063c,https://github.com/otectus/ars-n-spells/blob/eb6d3af883b5386785e7e4d2793871f11f3830ce/src/main/resources/assets/ars_n_spells/textures/item/spell_uninscription.png
neo,src/main/resources/assets/ars_n_spells/textures/item/spellbook_binding.png,392,cee19cfda925cb45fae5e0ba9d3299ee82627d9cc7c93600da074b3f9efaf048,https://github.com/otectus/ars-n-spells/blob/eb6d3af883b5386785e7e4d2793871f11f3830ce/src/main/resources/assets/ars_n_spells/textures/item/spellbook_binding.png
neo,src/main/resources/data/ars_n_spells/advancement/bind_spell.json,573,8a7d32f7f8482288cbb16b3e7a1d278939c7e6ee53bc85044a0f95e0677b6d17,https://github.com/otectus/ars-n-spells/blob/eb6d3af883b5386785e7e4d2793871f11f3830ce/src/main/resources/data/ars_n_spells/advancement/bind_spell.json
neo,src/main/resources/data/ars_n_spells/advancement/craft_spell_loom.json,797,8794f108317216fdc47f75ed24df3ee28d7ee78f36a7b3e240dbf4ffffd0e77c,https://github.com/otectus/ars-n-spells/blob/eb6d3af883b5386785e7e4d2793871f11f3830ce/src/main/resources/data/ars_n_spells/advancement/craft_spell_loom.json
neo,src/main/resources/data/ars_n_spells/advancement/first_cross_cast.json,596,a03403a59127ed1b0158baca5348162369365c17aa78473fb35cddf360fd24bd,https://github.com/otectus/ars-n-spells/blob/eb6d3af883b5386785e7e4d2793871f11f3830ce/src/main/resources/data/ars_n_spells/advancement/first_cross_cast.json
neo,src/main/resources/data/ars_n_spells/advancement/recipes/misc/spell_loom.json,540,7b1b66f5446967f651d8761b4e13e87993e96a160933165dc3b6f5a30c2ad763,https://github.com/otectus/ars-n-spells/blob/eb6d3af883b5386785e7e4d2793871f11f3830ce/src/main/resources/data/ars_n_spells/advancement/recipes/misc/spell_loom.json
neo,src/main/resources/data/ars_n_spells/advancement/transcribe_spell.json,595,f2d85c0b10c585014c488b4f9d2fcb714b1e50e6b61fec5c966439c7459c0a46,https://github.com/otectus/ars-n-spells/blob/eb6d3af883b5386785e7e4d2793871f11f3830ce/src/main/resources/data/ars_n_spells/advancement/transcribe_spell.json
neo,src/main/resources/data/ars_n_spells/ans_glyph_schools/ars_zero.json,1204,a4042e714f47a4c2dd5ac2d7cb26528673f548b05d216d03c961b7ffaa1c67c2,https://github.com/otectus/ars-n-spells/blob/eb6d3af883b5386785e7e4d2793871f11f3830ce/src/main/resources/data/ars_n_spells/ans_glyph_schools/ars_zero.json
neo,src/main/resources/data/ars_n_spells/loot_table/blocks/spell_loom.json,331,90d68390463962da84e185fc1a52211bce54626d2a928a7c8c30b1fd7226b4cc,https://github.com/otectus/ars-n-spells/blob/eb6d3af883b5386785e7e4d2793871f11f3830ce/src/main/resources/data/ars_n_spells/loot_table/blocks/spell_loom.json
neo,src/main/resources/data/ars_n_spells/recipe/apparatus/mana_infusion.json,623,c7cb1ba083a4818aac031312e167e900a6b5f94aabd029db669bc34ed210cda6,https://github.com/otectus/ars-n-spells/blob/eb6d3af883b5386785e7e4d2793871f11f3830ce/src/main/resources/data/ars_n_spells/recipe/apparatus/mana_infusion.json
neo,src/main/resources/data/ars_n_spells/recipe/apparatus/mana_well.json,619,65e6cd21853ddf24cf4448411399d95269a39ffcd5f25627886158be517e739e,https://github.com/otectus/ars-n-spells/blob/eb6d3af883b5386785e7e4d2793871f11f3830ce/src/main/resources/data/ars_n_spells/recipe/apparatus/mana_well.json
neo,src/main/resources/data/ars_n_spells/recipe/apparatus/spell_transcription.json,574,9f96b4f52c57063a46334ea5a30d59c818a352befa3e801fc1743a2dce038bd6,https://github.com/otectus/ars-n-spells/blob/eb6d3af883b5386785e7e4d2793871f11f3830ce/src/main/resources/data/ars_n_spells/recipe/apparatus/spell_transcription.json
neo,src/main/resources/data/ars_n_spells/recipe/apparatus/spell_uninscription.json,437,b28e2ff25c5d37ffbbac7e97acc132796b63f0eebe913583ee440b5a34783630,https://github.com/otectus/ars-n-spells/blob/eb6d3af883b5386785e7e4d2793871f11f3830ce/src/main/resources/data/ars_n_spells/recipe/apparatus/spell_uninscription.json
neo,src/main/resources/data/ars_n_spells/recipe/apparatus/spellbook_binding.json,628,473a905f1ba18d1d2a372a7c01d328456f1058e8af12a5ac3f8ca293f4f73794,https://github.com/otectus/ars-n-spells/blob/eb6d3af883b5386785e7e4d2793871f11f3830ce/src/main/resources/data/ars_n_spells/recipe/apparatus/spellbook_binding.json
neo,src/main/resources/data/ars_n_spells/recipe/spell_loom.json,372,896d80768f7e6c1d59da4097f2927d1136c17c404e4c11f84622e2430bca4466,https://github.com/otectus/ars-n-spells/blob/eb6d3af883b5386785e7e4d2793871f11f3830ce/src/main/resources/data/ars_n_spells/recipe/spell_loom.json
neo,src/main/resources/data/ars_n_spells/tags/block/source_jars.json,175,93247b94357f1d374e45f4fcdd464dd7268da328ba57186c9409664a0a84bccc,https://github.com/otectus/ars-n-spells/blob/eb6d3af883b5386785e7e4d2793871f11f3830ce/src/main/resources/data/ars_n_spells/tags/block/source_jars.json
neo,src/main/resources/data/ars_n_spells/tags/item/cross_cast_blacklist.json,356,a88558a32d53232b6548f998c996aa2c2808990f55ec83b2f92b2d26ffb9ff54,https://github.com/otectus/ars-n-spells/blob/eb6d3af883b5386785e7e4d2793871f11f3830ce/src/main/resources/data/ars_n_spells/tags/item/cross_cast_blacklist.json
neo,src/main/resources/data/ars_n_spells/tags/item/curio_spell_discount.json,114,da226845793379e5892bc6a77be927fd5e234a7679f653002bafeb82865a1d21,https://github.com/otectus/ars-n-spells/blob/eb6d3af883b5386785e7e4d2793871f11f3830ce/src/main/resources/data/ars_n_spells/tags/item/curio_spell_discount.json
neo,src/main/resources/data/ars_n_spells/tags/item/irons_spell_books.json,1182,c2e358ea35076ea6e75017f497f0a6d9b453b123ad5c58b5cab2a03dde0b005e,https://github.com/otectus/ars-n-spells/blob/eb6d3af883b5386785e7e4d2793871f11f3830ce/src/main/resources/data/ars_n_spells/tags/item/irons_spell_books.json
neo,src/main/resources/META-INF/neoforge.mods.toml,3442,12962b9afd6236547e92201ad4a0209d0d13d9683d91a8e560e824f477e8875c,https://github.com/otectus/ars-n-spells/blob/eb6d3af883b5386785e7e4d2793871f11f3830ce/src/main/resources/META-INF/neoforge.mods.toml
neo,src/main/resources/pack.mcmeta,171,2f7d42d4f8d4d16e9cd3520ad5462683b06cc574c8c141984a3f2ba49deb0c85,https://github.com/otectus/ars-n-spells/blob/eb6d3af883b5386785e7e4d2793871f11f3830ce/src/main/resources/pack.mcmeta
neo,src/test/java/com/otectus/arsnspells/affinity/SchoolKeysTest.java,2461,cd22d7ba7842eba6bfe1274def1b010b133eab1f855f4c25d38af7872bf95816,https://github.com/otectus/ars-n-spells/blob/eb6d3af883b5386785e7e4d2793871f11f3830ce/src/test/java/com/otectus/arsnspells/affinity/SchoolKeysTest.java
neo,src/test/java/com/otectus/arsnspells/augmentation/ResonanceManagerClampTest.java,9435,8c8eb7da929ed6a8e59edc171dd71f60ced79113bfa3ca9f56051c42ccc30775,https://github.com/otectus/ars-n-spells/blob/eb6d3af883b5386785e7e4d2793871f11f3830ce/src/test/java/com/otectus/arsnspells/augmentation/ResonanceManagerClampTest.java
neo,src/test/java/com/otectus/arsnspells/bridge/BridgeManagerFallbackTest.java,1622,599d8aa00e9fedf58096dafc37842c7e932b5d75b01f1185c41a52e0783c1dd7,https://github.com/otectus/ars-n-spells/blob/eb6d3af883b5386785e7e4d2793871f11f3830ce/src/test/java/com/otectus/arsnspells/bridge/BridgeManagerFallbackTest.java
neo,src/test/java/com/otectus/arsnspells/bridge/BridgeManagerModeTest.java,1507,e0dff33de962a3bedaf7aadede1b9772c4d07e7c99040934c2ae9e6c47fc2268,https://github.com/otectus/ars-n-spells/blob/eb6d3af883b5386785e7e4d2793871f11f3830ce/src/test/java/com/otectus/arsnspells/bridge/BridgeManagerModeTest.java
neo,src/test/java/com/otectus/arsnspells/bridge/BridgeManagerRollbackContractTest.java,4860,a4459b49da04988247473115081ac82dab92f0aa56811a94a794a0e019f1943f,https://github.com/otectus/ars-n-spells/blob/eb6d3af883b5386785e7e4d2793871f11f3830ce/src/test/java/com/otectus/arsnspells/bridge/BridgeManagerRollbackContractTest.java
neo,src/test/java/com/otectus/arsnspells/bridge/ClampingBridgeConsumeExactnessTest.java,4920,ed2a39f87175940867405a014ff77dd5a43a477c94016301fa6a9438101ffbfc,https://github.com/otectus/ars-n-spells/blob/eb6d3af883b5386785e7e4d2793871f11f3830ce/src/test/java/com/otectus/arsnspells/bridge/ClampingBridgeConsumeExactnessTest.java
neo,src/test/java/com/otectus/arsnspells/bridge/IManaBridgeAddManaContractTest.java,7423,7bb0a4b4b3fb29c70d5986886040ef0b64add5343d282672587a70ec4a332783,https://github.com/otectus/ars-n-spells/blob/eb6d3af883b5386785e7e4d2793871f11f3830ce/src/test/java/com/otectus/arsnspells/bridge/IManaBridgeAddManaContractTest.java
neo,src/test/java/com/otectus/arsnspells/bridge/ManaRegenBridgeTest.java,1391,4b60ad003c94e26c4a13987b8722679ee74ac4e67fd5871f82356b61fa34664e,https://github.com/otectus/ars-n-spells/blob/eb6d3af883b5386785e7e4d2793871f11f3830ce/src/test/java/com/otectus/arsnspells/bridge/ManaRegenBridgeTest.java
neo,src/test/java/com/otectus/arsnspells/bridge/SharedPoolCeilingTest.java,4558,c78be86a3337cd9ec70071b46594d14a546929cb2d15d021e894aa1f9f43843e,https://github.com/otectus/ars-n-spells/blob/eb6d3af883b5386785e7e4d2793871f11f3830ce/src/test/java/com/otectus/arsnspells/bridge/SharedPoolCeilingTest.java
neo,src/test/java/com/otectus/arsnspells/client/ManaBarControllerOverlayMatchTest.java,3600,7e090729a9507b290b3d1845007d3cfc93320c71ccd1473fdb5b6bc05c5ad08b,https://github.com/otectus/ars-n-spells/blob/eb6d3af883b5386785e7e4d2793871f11f3830ce/src/test/java/com/otectus/arsnspells/client/ManaBarControllerOverlayMatchTest.java
neo,src/test/java/com/otectus/arsnspells/client/screen/ConfigScreenFactoryGateTest.java,1309,99c53ede2955438ab36737720b32e7a7ece4713d189c0f80f1c1b8eba3e4a3f9,https://github.com/otectus/ars-n-spells/blob/eb6d3af883b5386785e7e4d2793871f11f3830ce/src/test/java/com/otectus/arsnspells/client/screen/ConfigScreenFactoryGateTest.java
neo,src/test/java/com/otectus/arsnspells/client/screen/ConfigScreenFactoryLegibilityTest.java,2534,93bdd0104630d304b660ea93402ef6b6f9371e075d4fe6920dfb8323316ed9da,https://github.com/otectus/ars-n-spells/blob/eb6d3af883b5386785e7e4d2793871f11f3830ce/src/test/java/com/otectus/arsnspells/client/screen/ConfigScreenFactoryLegibilityTest.java
neo,src/test/java/com/otectus/arsnspells/combat/CombatDebugStateTest.java,6283,28c5b6f08fe79efe81aaf0ce87b7bd7c79a91f216a239e53095a3c57e84d5d6f,https://github.com/otectus/ars-n-spells/blob/eb6d3af883b5386785e7e4d2793871f11f3830ce/src/test/java/com/otectus/arsnspells/combat/CombatDebugStateTest.java
neo,src/test/java/com/otectus/arsnspells/commands/AnsModeCommandTest.java,2318,988eb6e2b2405e18cf8eb816566e0dc9732c3f0cd3377849c54888ee1c40398f,https://github.com/otectus/ars-n-spells/blob/eb6d3af883b5386785e7e4d2793871f11f3830ce/src/test/java/com/otectus/arsnspells/commands/AnsModeCommandTest.java
neo,src/test/java/com/otectus/arsnspells/compat/ScrollLPTrackerClearTest.java,1383,9dfaf191e4c8dad36459bdde4cc603b8c89603a7abae0429e573c2367fbbb699,https://github.com/otectus/ars-n-spells/blob/eb6d3af883b5386785e7e4d2793871f11f3830ce/src/test/java/com/otectus/arsnspells/compat/ScrollLPTrackerClearTest.java
neo,src/test/java/com/otectus/arsnspells/compat/ScrollLPTrackerFifoTest.java,4193,10fe5bc618be016ab8f4993e2b4f03ad72b02151d75c270641da3644c3bc13ec,https://github.com/otectus/ars-n-spells/blob/eb6d3af883b5386785e7e4d2793871f11f3830ce/src/test/java/com/otectus/arsnspells/compat/ScrollLPTrackerFifoTest.java
neo,src/test/java/com/otectus/arsnspells/compat/TagDrivenDetectionTest.java,3826,b9ada86d7da051e55701e8528ea82beb795e0e0a0e49bfedab245b5111f1ef3c,https://github.com/otectus/ars-n-spells/blob/eb6d3af883b5386785e7e4d2793871f11f3830ce/src/test/java/com/otectus/arsnspells/compat/TagDrivenDetectionTest.java
neo,src/test/java/com/otectus/arsnspells/config/AnsConfigStructureTest.java,12866,16aea0a58c33418dc8a44c24d499cabe329f1c2ad577f60d7e4c54433dc9151c,https://github.com/otectus/ars-n-spells/blob/eb6d3af883b5386785e7e4d2793871f11f3830ce/src/test/java/com/otectus/arsnspells/config/AnsConfigStructureTest.java
neo,src/test/java/com/otectus/arsnspells/config/RecipeModLoadedConditionTest.java,2302,fb202cf77b18e9fc9d6a8d20eada38fc388c9e165c5785ea44f99de79ddbd83d,https://github.com/otectus/ars-n-spells/blob/eb6d3af883b5386785e7e4d2793871f11f3830ce/src/test/java/com/otectus/arsnspells/config/RecipeModLoadedConditionTest.java
neo,src/test/java/com/otectus/arsnspells/data/AffinityDataMigrationTest.java,6250,1422e46f128be09982f326dc767ade80393b5fe2d0793db841e515c5cc0f56c0,https://github.com/otectus/ars-n-spells/blob/eb6d3af883b5386785e7e4d2793871f11f3830ce/src/test/java/com/otectus/arsnspells/data/AffinityDataMigrationTest.java
neo,src/test/java/com/otectus/arsnspells/data/AffinityDecayResidualTest.java,5634,aaa24b0616bac625100fc3dbc74272b02e370799b926fef5b9e4ed6392774ecc,https://github.com/otectus/ars-n-spells/blob/eb6d3af883b5386785e7e4d2793871f11f3830ce/src/test/java/com/otectus/arsnspells/data/AffinityDecayResidualTest.java
neo,src/test/java/com/otectus/arsnspells/data/AttachmentCopyOnDeathTest.java,2370,0237d6c94b75b0ff3fe3270d220eeb4808627d9379d460990c4f0563b7cd5d07,https://github.com/otectus/ars-n-spells/blob/eb6d3af883b5386785e7e4d2793871f11f3830ce/src/test/java/com/otectus/arsnspells/data/AttachmentCopyOnDeathTest.java
neo,src/test/java/com/otectus/arsnspells/data/SchemaVersionStampTest.java,2655,d6d3101401900cd2fe5b10a78a2eb7df1dc16d8e40d98e1471829fc4f8b9da2a,https://github.com/otectus/ars-n-spells/blob/eb6d3af883b5386785e7e4d2793871f11f3830ce/src/test/java/com/otectus/arsnspells/data/SchemaVersionStampTest.java
neo,src/test/java/com/otectus/arsnspells/equipment/EquipmentIntegrationCachelessTest.java,2266,f600c07ffe9a18e63b9ff493b528a505af7de7338332e05ab83ecf33408ac562,https://github.com/otectus/ars-n-spells/blob/eb6d3af883b5386785e7e4d2793871f11f3830ce/src/test/java/com/otectus/arsnspells/equipment/EquipmentIntegrationCachelessTest.java
neo,src/test/java/com/otectus/arsnspells/events/AffinityHandlerCatchNarrowTest.java,1212,18be3d4bef00d942b3427f516eea2c51c27798bc4fa7bbcaf102216ab82b857c,https://github.com/otectus/ars-n-spells/blob/eb6d3af883b5386785e7e4d2793871f11f3830ce/src/test/java/com/otectus/arsnspells/events/AffinityHandlerCatchNarrowTest.java
neo,src/test/java/com/otectus/arsnspells/events/ProgressionReapplyHookTest.java,2420,d818b469c46f1fe8d7a02b6c7d17122f2a465516df2a9534ecbfb2d36267b291,https://github.com/otectus/ars-n-spells/blob/eb6d3af883b5386785e7e4d2793871f11f3830ce/src/test/java/com/otectus/arsnspells/events/ProgressionReapplyHookTest.java
neo,src/test/java/com/otectus/arsnspells/events/RegenSynergyHandlerChunkGuardTest.java,2910,56bc6dd77d3e506b37f292d162cfed2036924031ce0d82f151ad6cd24696fed4,https://github.com/otectus/ars-n-spells/blob/eb6d3af883b5386785e7e4d2793871f11f3830ce/src/test/java/com/otectus/arsnspells/events/RegenSynergyHandlerChunkGuardTest.java
neo,src/test/java/com/otectus/arsnspells/events/RegenSynergyHandlerConcurrencyTest.java,1072,5c37ea309dc96a424c1142a73a85ecec3acea7dbcb234a63d868c0f178e31d63,https://github.com/otectus/ars-n-spells/blob/eb6d3af883b5386785e7e4d2793871f11f3830ce/src/test/java/com/otectus/arsnspells/events/RegenSynergyHandlerConcurrencyTest.java
neo,src/test/java/com/otectus/arsnspells/events/RegenSynergyHandlerConfigGateTest.java,2782,f2adba88b0ef40a295544d312a04e39f8dc9a74b821a019475081008f464e697,https://github.com/otectus/ars-n-spells/blob/eb6d3af883b5386785e7e4d2793871f11f3830ce/src/test/java/com/otectus/arsnspells/events/RegenSynergyHandlerConfigGateTest.java
neo,src/test/java/com/otectus/arsnspells/menu/SpellLoomLayoutTest.java,7970,135f26ea647a7cb071d583c85bee92f7c04bfb84c3cb82102dcadb5cf7579693,https://github.com/otectus/ars-n-spells/blob/eb6d3af883b5386785e7e4d2793871f11f3830ce/src/test/java/com/otectus/arsnspells/menu/SpellLoomLayoutTest.java
neo,src/test/java/com/otectus/arsnspells/mixinplugin/ArsNSpellsMixinPluginGatingTest.java,9724,75c73e4f30f8a8ce0377ccdfcab4213e85918e20924bcb312add576803cf3cff,https://github.com/otectus/ars-n-spells/blob/eb6d3af883b5386785e7e4d2793871f11f3830ce/src/test/java/com/otectus/arsnspells/mixinplugin/ArsNSpellsMixinPluginGatingTest.java
neo,src/test/java/com/otectus/arsnspells/mixinplugin/CasterContextDeletedTest.java,2461,ae9dd734b0bb9231b5cdefa15f76e0f6efe10326c108c501866664b9c1374eaf,https://github.com/otectus/ars-n-spells/blob/eb6d3af883b5386785e7e4d2793871f11f3830ce/src/test/java/com/otectus/arsnspells/mixinplugin/CasterContextDeletedTest.java
neo,src/test/java/com/otectus/arsnspells/mixinplugin/MixinConfigIntegrityTest.java,9422,d9cae0c97e523436cb5843b9e4629e6ab7a874422b28654c95363605e2cadda3,https://github.com/otectus/ars-n-spells/blob/eb6d3af883b5386785e7e4d2793871f11f3830ce/src/test/java/com/otectus/arsnspells/mixinplugin/MixinConfigIntegrityTest.java
neo,src/test/java/com/otectus/arsnspells/mixinplugin/MixinInjectionPointImmunityTest.java,8912,8ed5ff424bf1def8f188b24cadd694c56101026e971f36a45b28ce01e6c88263,https://github.com/otectus/ars-n-spells/blob/eb6d3af883b5386785e7e4d2793871f11f3830ce/src/test/java/com/otectus/arsnspells/mixinplugin/MixinInjectionPointImmunityTest.java
neo,src/test/java/com/otectus/arsnspells/mixinplugin/MixinManaCapabilityPerUuidGuardTest.java,5093,8331a0d48ff8083d4ab8d4b316650a11b17f07e6e0ea7ae4ca5c26bb9f1c1845,https://github.com/otectus/ars-n-spells/blob/eb6d3af883b5386785e7e4d2793871f11f3830ce/src/test/java/com/otectus/arsnspells/mixinplugin/MixinManaCapabilityPerUuidGuardTest.java
neo,src/test/java/com/otectus/arsnspells/network/CrossCastRequestPayloadTest.java,2945,cf80071357d5cf257d587b90f5217e25d99a5c77f08302e82928ca4bfe075334,https://github.com/otectus/ars-n-spells/blob/eb6d3af883b5386785e7e4d2793871f11f3830ce/src/test/java/com/otectus/arsnspells/network/CrossCastRequestPayloadTest.java
neo,src/test/java/com/otectus/arsnspells/network/PacketHandlerDirectionGuardsTest.java,4062,4d16847c8aa5f25fa901e35dad950a66d4502b1633c06b488a4e535141d0c9a1,https://github.com/otectus/ars-n-spells/blob/eb6d3af883b5386785e7e4d2793871f11f3830ce/src/test/java/com/otectus/arsnspells/network/PacketHandlerDirectionGuardsTest.java
neo,src/test/java/com/otectus/arsnspells/network/PayloadBoundsTest.java,5905,c383585faca3873a192eb9dec8d79d4c636e37c03f2bf5bbec22e908ba0a1734,https://github.com/otectus/ars-n-spells/blob/eb6d3af883b5386785e7e4d2793871f11f3830ce/src/test/java/com/otectus/arsnspells/network/PayloadBoundsTest.java
neo,src/test/java/com/otectus/arsnspells/registry/CreativeTabWiringTest.java,3770,0038b1f40a27d65fca85a1922ab39cdfc560086c1287c5333e7900f839acbb65,https://github.com/otectus/ars-n-spells/blob/eb6d3af883b5386785e7e4d2793871f11f3830ce/src/test/java/com/otectus/arsnspells/registry/CreativeTabWiringTest.java
neo,src/test/java/com/otectus/arsnspells/registry/ItemAssetCompletenessTest.java,6152,326b5bcdb1e0a4dffe6b4d7daf780e52655a5ec697bcd1675473567c2af3c545,https://github.com/otectus/ars-n-spells/blob/eb6d3af883b5386785e7e4d2793871f11f3830ce/src/test/java/com/otectus/arsnspells/registry/ItemAssetCompletenessTest.java
neo,src/test/java/com/otectus/arsnspells/ResourcePresenceTest.java,7656,5eb4e8ec78fa7b78afc60a0cd6b8ccccea948c3b984906adc20c2abda32dff74,https://github.com/otectus/ars-n-spells/blob/eb6d3af883b5386785e7e4d2793871f11f3830ce/src/test/java/com/otectus/arsnspells/ResourcePresenceTest.java
neo,src/test/java/com/otectus/arsnspells/rituals/ApparatusRecipeIngredientTest.java,3361,4b09ad1f863ff247df80aeaeac9d5ae7feb1300d6a659f4ef2f6f59bec13a4c2,https://github.com/otectus/ars-n-spells/blob/eb6d3af883b5386785e7e4d2793871f11f3830ce/src/test/java/com/otectus/arsnspells/rituals/ApparatusRecipeIngredientTest.java
neo,src/test/java/com/otectus/arsnspells/rituals/InscriptionInputsIronsSplitTest.java,2440,0e8c7e8368350a28c8db5d3193077b59d4a7533eb52d3c2e9952a8cf2bbce2d0,https://github.com/otectus/ars-n-spells/blob/eb6d3af883b5386785e7e4d2793871f11f3830ce/src/test/java/com/otectus/arsnspells/rituals/InscriptionInputsIronsSplitTest.java
neo,src/test/java/com/otectus/arsnspells/rituals/ManaRitualBridgeRouteTest.java,2055,1183fb14a3b0560c9bc5e9458e453c5e1e9fa9d13c9d6675704dbfe2c4673b8d,https://github.com/otectus/ars-n-spells/blob/eb6d3af883b5386785e7e4d2793871f11f3830ce/src/test/java/com/otectus/arsnspells/rituals/ManaRitualBridgeRouteTest.java
neo,src/test/java/com/otectus/arsnspells/spell/ArsExportDeduplicationTest.java,2289,171c294348eda7a0114970c2482976f0a3f41e2b24751d81e4ab0bcc0ba19581,https://github.com/otectus/ars-n-spells/blob/eb6d3af883b5386785e7e4d2793871f11f3830ce/src/test/java/com/otectus/arsnspells/spell/ArsExportDeduplicationTest.java
neo,src/test/java/com/otectus/arsnspells/spell/CastValidationScopeTest.java,5803,b26a0eb4626f36b427776387c8ae32235a2e8fd043fda8c1585ba7f5a68952ab,https://github.com/otectus/ars-n-spells/blob/eb6d3af883b5386785e7e4d2793871f11f3830ce/src/test/java/com/otectus/arsnspells/spell/CastValidationScopeTest.java
neo,src/test/java/com/otectus/arsnspells/spell/CrossCastContextAtomicTest.java,4330,48903f75352b575f16eab790940b18ccd748f060e85bb899966748f1db04b9b9,https://github.com/otectus/ars-n-spells/blob/eb6d3af883b5386785e7e4d2793871f11f3830ce/src/test/java/com/otectus/arsnspells/spell/CrossCastContextAtomicTest.java
neo,src/test/java/com/otectus/arsnspells/spell/CrossCastingHandlerPriorityTest.java,2475,8337ab67fcfc2d9411607d33654a76472473759a7ec038ca1fbd44a6e4efa4f0,https://github.com/otectus/ars-n-spells/blob/eb6d3af883b5386785e7e4d2793871f11f3830ce/src/test/java/com/otectus/arsnspells/spell/CrossCastingHandlerPriorityTest.java
neo,src/test/java/com/otectus/arsnspells/spell/CrossCastSeparateRefundTest.java,3282,a517f9ff39b1a879ed70c01baa3d39d28b14d73919191c1b9416aff7c7619f85,https://github.com/otectus/ars-n-spells/blob/eb6d3af883b5386785e7e4d2793871f11f3830ce/src/test/java/com/otectus/arsnspells/spell/CrossCastSeparateRefundTest.java
neo,src/test/java/com/otectus/arsnspells/spell/CrossCastValidatorTest.java,3497,51b467356a9b90a346919cf0caffb8d50d6a25fde59fee81ac353daf812557d9,https://github.com/otectus/ars-n-spells/blob/eb6d3af883b5386785e7e4d2793871f11f3830ce/src/test/java/com/otectus/arsnspells/spell/CrossCastValidatorTest.java
neo,src/test/java/com/otectus/arsnspells/spell/CrossModProxyAllocationTest.java,6952,ac9f0995b3174ef25935808f59da6fbbe2d8c31f3b0dcdfe397abf1aa4391411,https://github.com/otectus/ars-n-spells/blob/eb6d3af883b5386785e7e4d2793871f11f3830ce/src/test/java/com/otectus/arsnspells/spell/CrossModProxyAllocationTest.java
neo,src/test/java/com/otectus/arsnspells/spell/CrossModSpellListRoundTripTest.java,5686,4ab53d3fab1a2ee4cd9f0abcdc1c0b42ac0639fc9ee468e1e58f5c3c4438d383,https://github.com/otectus/ars-n-spells/blob/eb6d3af883b5386785e7e4d2793871f11f3830ce/src/test/java/com/otectus/arsnspells/spell/CrossModSpellListRoundTripTest.java
neo,src/test/java/com/otectus/arsnspells/spell/IronsBookBindingPlanTest.java,5516,fc64d3c8837e8ae310a6afb44898998b667a2c567a107d6ee68417ddb03f4f78,https://github.com/otectus/ars-n-spells/blob/eb6d3af883b5386785e7e4d2793871f11f3830ce/src/test/java/com/otectus/arsnspells/spell/IronsBookBindingPlanTest.java
neo,src/test/java/com/otectus/arsnspells/TestPaths.java,1344,dcefad301407b625ea74eff0103fce135a599c62d241ba3c46119d0ec876db97,https://github.com/otectus/ars-n-spells/blob/eb6d3af883b5386785e7e4d2793871f11f3830ce/src/test/java/com/otectus/arsnspells/TestPaths.java
neo,src/test/java/com/otectus/arsnspells/util/ArsSpellIntegrityTest.java,6161,8bb7a106b8e2a1c4c31354914211ef1c1b5a3eb676cd4b5e3980c8574b4f35f2,https://github.com/otectus/ars-n-spells/blob/eb6d3af883b5386785e7e4d2793871f11f3830ce/src/test/java/com/otectus/arsnspells/util/ArsSpellIntegrityTest.java
neo,src/test/java/com/otectus/arsnspells/util/ChunkScanUtilTest.java,2806,89a1e6832480f6b58a8c4886d6b1c6aefd8be5ae97ccb405cae6b4fa58d2b7fb,https://github.com/otectus/ars-n-spells/blob/eb6d3af883b5386785e7e4d2793871f11f3830ce/src/test/java/com/otectus/arsnspells/util/ChunkScanUtilTest.java
neo,src/test/java/com/otectus/arsnspells/util/SchoolResolverTest.java,12631,189720f40175a673e0ec78e93efdfba9381b4bc9baf33ca036088c421a2f4191,https://github.com/otectus/ars-n-spells/blob/eb6d3af883b5386785e7e4d2793871f11f3830ce/src/test/java/com/otectus/arsnspells/util/SchoolResolverTest.java
neo,src/test/java/com/otectus/arsnspells/util/SpellScalingFormulaTest.java,6533,5f1d8f967eaa7bb2e86d5233ac95ea6dcd141f86ec595541703b2aa39d3c8dca,https://github.com/otectus/ars-n-spells/blob/eb6d3af883b5386785e7e4d2793871f11f3830ce/src/test/java/com/otectus/arsnspells/util/SpellScalingFormulaTest.java
neo,src/test/resources/gameteststructures/platform.snbt,5629,dffde7f6723a841e5fc47b91548df3e82f0d3bc6751c6c3278aedd8ab94791a7,https://github.com/otectus/ars-n-spells/blob/eb6d3af883b5386785e7e4d2793871f11f3830ce/src/test/resources/gameteststructures/platform.snbt
